Date,Open,High,Low,Close,Adj Close,Volume
1/4/2010,9.79,9.9,9.68,9.7,9.7,18748700
1/5/2010,9.71,9.9,9.68,9.71,9.71,22145700
1/6/2010,9.68,9.76,9.55,9.57,9.57,18643400
1/7/2010,9.51,9.55,9.18,9.47,9.47,26806800
1/8/2010,9.37,9.47,9.29,9.43,9.43,13752800
1/11/2010,9.38,9.44,9.08,9.14,9.14,23700100
1/12/2010,8.89,8.92,8.52,8.65,8.65,33387100
1/13/2010,8.71,9.2,8.55,9.15,9.15,32741900
1/14/2010,9.18,9.26,8.92,9,9,22556600
1/15/2010,9.13,9.19,8.8,8.84,8.84,34336600
1/19/2010,8.84,9.21,8.84,9.01,9.01,24866200
1/20/2010,8.98,9,8.76,8.87,8.87,22813600
1/21/2010,9.01,9.1,8.77,8.99,8.99,37888700
1/22/2010,8.55,8.56,7.82,7.88,7.88,69136400
1/25/2010,8.01,8.14,7.93,8.07,8.07,20560000
1/26/2010,8.03,8.19,7.93,8.09,8.09,20946600
1/27/2010,8.03,8.22,7.91,8.19,8.19,26832700
1/28/2010,8.24,8.25,7.71,7.88,7.88,32084100
1/29/2010,8.01,8.1,7.3,7.46,7.46,37457700
2/1/2010,7.61,7.98,7.53,7.98,7.98,25476400
2/2/2010,7.74,7.96,7.72,7.91,7.91,21110900
2/3/2010,7.83,7.96,7.76,7.81,7.81,14521900
2/4/2010,7.64,7.65,7.1,7.19,7.19,33172200
2/5/2010,7.13,7.37,6.98,7.35,7.35,28808300
2/8/2010,7.38,7.62,7.28,7.42,7.42,24304200
2/9/2010,7.59,7.64,7.42,7.54,7.54,19978100
2/10/2010,7.47,7.71,7.45,7.64,7.64,17269400
2/11/2010,7.67,7.9,7.6,7.84,7.84,14973100
2/12/2010,7.71,8,7.65,7.87,7.87,21788000
2/16/2010,7.91,8.14,7.87,8.06,8.06,13579100
2/17/2010,8.11,8.2,7.94,8.03,8.03,12019200
2/18/2010,7.98,8.08,7.87,7.95,7.95,14677000
2/19/2010,7.82,7.99,7.82,7.93,7.93,8107300
2/22/2010,7.96,8,7.83,7.9,7.9,9708700
2/23/2010,7.91,7.94,7.69,7.79,7.79,15566700
2/24/2010,7.78,8.1,7.77,8.05,8.05,16543800
2/25/2010,7.88,7.89,7.62,7.89,7.89,20955600
2/26/2010,7.83,7.96,7.68,7.91,7.91,17085200
3/1/2010,7.94,8.25,7.94,8.21,8.21,14856000
3/2/2010,8.33,8.6,8.29,8.38,8.38,25506100
3/3/2010,8.44,8.55,8.28,8.35,8.35,14260800
3/4/2010,8.37,8.5,8.28,8.5,8.5,14448000
3/5/2010,8.55,8.7,8.48,8.61,8.61,14826400
3/8/2010,8.66,8.69,8.51,8.64,8.64,12760000
3/9/2010,8.5,8.69,8.43,8.63,8.63,17664900
3/10/2010,8.6,9.09,8.59,8.92,8.92,23426900
3/11/2010,8.91,9,8.74,8.95,8.95,15977800
3/12/2010,9.04,9.04,8.9,8.93,8.93,12802500
3/15/2010,8.88,8.95,8.8,8.92,8.92,11428900
3/16/2010,8.95,9.42,8.94,9.4,9.4,25356300
3/17/2010,9.47,9.74,9.42,9.67,9.67,23574800
3/18/2010,9.62,9.66,9.26,9.39,9.39,17772300
3/19/2010,9.11,9.41,9.1,9.11,9.11,15938000
3/22/2010,8.91,9.32,8.79,9.31,9.31,15101100
3/23/2010,9.34,9.49,9.26,9.45,9.45,10623200
3/24/2010,9.38,9.38,9.2,9.23,9.23,12096100
3/25/2010,9.35,9.44,9.02,9.03,9.03,15824100
3/26/2010,9.11,9.19,8.91,9.02,9.02,12158100
3/29/2010,9.08,9.2,9.06,9.11,9.11,9621900
3/30/2010,9.21,9.28,9.09,9.27,9.27,13451600
3/31/2010,9.15,9.44,9.13,9.27,9.27,12850100
4/1/2010,9.34,9.49,9.22,9.37,9.37,11757400
4/5/2010,9.47,9.54,9.42,9.53,9.53,10467800
4/6/2010,9.44,9.49,9.18,9.35,9.35,18738400
4/7/2010,9.38,9.83,9.25,9.66,9.66,29125500
4/8/2010,9.63,9.63,9.33,9.42,9.42,21494000
4/9/2010,9.49,9.58,9.28,9.3,9.3,24207600
4/12/2010,9.37,9.53,9.35,9.42,9.42,16578500
4/13/2010,9.42,9.59,9.35,9.56,9.56,15125200
4/14/2010,9.82,9.97,9.71,9.89,9.89,29201400
4/15/2010,9.97,10.24,9.9,10.16,10.16,55096500
4/16/2010,9.78,9.9,9.37,9.81,9.81,67757600
4/19/2010,9.73,9.84,9.29,9.58,9.58,27868200
4/20/2010,9.74,9.81,9.63,9.77,9.77,21244700
4/21/2010,9.8,9.91,9.49,9.78,9.78,28651400
4/22/2010,9.57,9.9,9.45,9.86,9.86,22389600
4/23/2010,9.81,9.85,9.61,9.76,9.76,18841700
4/26/2010,9.8,10.15,9.7,9.97,9.97,24335500
4/27/2010,9.84,10.06,9.53,9.58,9.58,27169000
4/28/2010,9.69,9.8,9.35,9.55,9.55,23028300
4/29/2010,9.7,9.78,9.59,9.72,9.72,14350400
4/30/2010,9.72,9.72,9.06,9.07,9.07,37974900
5/3/2010,9.18,9.38,9.02,9.29,9.29,27504700
5/4/2010,9.08,9.08,8.54,8.68,8.68,46482500
5/5/2010,8.44,8.88,8.35,8.58,8.58,36757300
5/6/2010,8.58,8.72,7.81,8.27,8.27,44875400
5/7/2010,8.3,8.67,7.92,8.38,8.38,48469500
5/10/2010,8.92,9.03,8.31,8.99,8.99,34695700
5/11/2010,8.85,9.29,8.75,9.07,9.07,41062100
5/12/2010,9.2,9.58,9.15,9.49,9.49,33567100
5/13/2010,9.52,9.78,9.32,9.42,9.42,33222600
5/14/2010,9.24,9.31,8.57,8.8,8.8,59018500
5/17/2010,8.75,8.87,8.47,8.85,8.85,27721900
5/18/2010,8.96,9.01,8.37,8.42,8.42,29716300
5/19/2010,8.23,8.63,8.2,8.47,8.47,29864100
5/20/2010,8.27,8.37,8,8.09,8.09,37502700
5/21/2010,7.87,8.55,7.75,8.4,8.4,39732500
5/24/2010,8.32,8.56,8.07,8.09,8.09,24504000
5/25/2010,7.75,8.15,7.68,8.15,8.15,30410500
5/26/2010,8.39,8.59,8.18,8.22,8.22,37479100
5/27/2010,8.45,8.8,8.4,8.8,8.8,24221900
5/28/2010,8.84,8.87,8.45,8.57,8.57,28073700
6/1/2010,8.43,8.43,8.14,8.14,8.14,31201200
6/2/2010,8.26,8.54,8.11,8.54,8.54,24157900
6/3/2010,8.59,8.73,8.36,8.69,8.69,22533800
6/4/2010,8.42,8.67,8.01,8.11,8.11,37657500
6/7/2010,8.2,8.22,7.64,7.71,7.71,27240400
6/8/2010,7.75,7.88,7.42,7.77,7.77,36007300
6/9/2010,7.91,8.05,7.58,7.61,7.61,24756300
6/10/2010,7.78,8.04,7.74,8.01,8.01,27986700
6/11/2010,7.85,8.18,7.81,8.12,8.12,21054300
6/14/2010,8.31,8.45,8.24,8.28,8.28,21793500
6/15/2010,8.35,8.88,8.34,8.82,8.82,35702500
6/16/2010,8.73,9.19,8.65,8.9,8.9,33576700
6/17/2010,9.05,9.05,8.71,8.91,8.91,21712000
6/18/2010,8.92,9.05,8.77,8.83,8.83,16524200
6/21/2010,9.03,9.16,8.71,8.8,8.8,25872100
6/22/2010,8.81,9.02,8.54,8.58,8.58,23876600
6/23/2010,8.63,8.8,8.48,8.56,8.56,23040500
6/24/2010,8.51,8.57,8.05,8.13,8.13,31282200
6/25/2010,8.22,8.22,7.93,8.09,8.09,22859400
6/28/2010,8.14,8.24,7.96,8.05,8.05,21544000
6/29/2010,7.93,7.93,7.41,7.48,7.48,43861400
6/30/2010,7.58,7.65,7.3,7.32,7.32,26406200
7/1/2010,7.35,7.53,7.1,7.39,7.39,27289900
7/2/2010,7.45,7.48,7.02,7.17,7.17,26074800
7/6/2010,7.4,7.42,6.96,7.04,7.04,25868800
7/7/2010,7.04,7.41,7.04,7.39,7.39,23676900
7/8/2010,7.52,7.52,7.22,7.37,7.37,21847000
7/9/2010,7.34,7.35,7.14,7.34,7.34,20373000
7/12/2010,7.38,7.6,7.32,7.36,7.36,36053000
7/13/2010,7.6,7.69,7.43,7.52,7.52,39013900
7/14/2010,7.82,7.82,7.33,7.44,7.44,49139700
7/15/2010,7.46,7.48,7.18,7.41,7.41,51384100
7/16/2010,7.28,7.59,7.11,7.37,7.37,72988600
7/19/2010,7.41,7.54,7.22,7.44,7.44,27901000
7/20/2010,7.21,7.63,7.15,7.6,7.6,30643500
7/21/2010,7.61,7.65,7.35,7.4,7.4,28174700
7/22/2010,7.49,7.68,7.36,7.61,7.61,25149600
7/23/2010,7.57,7.84,7.46,7.82,7.82,28582400
7/26/2010,7.82,8.1,7.68,8.07,8.07,32459900
7/27/2010,8.14,8.25,8.03,8.21,8.21,34586300
7/28/2010,8.09,8.2,7.88,7.98,7.98,30818500
7/29/2010,7.88,7.88,7.58,7.78,7.78,40211700
7/30/2010,7.61,7.67,7.41,7.49,7.49,35900700
8/2/2010,7.63,7.77,7.47,7.65,7.65,29109400
8/3/2010,7.57,7.59,7.41,7.51,7.51,20259500
8/4/2010,7.55,7.61,7.44,7.52,7.52,18846500
8/5/2010,7.49,7.62,7.45,7.5,7.5,14581900
8/6/2010,7.49,7.72,7.43,7.45,7.45,33055500
8/9/2010,7.48,7.52,7.38,7.42,7.42,26503200
8/10/2010,7.06,7.13,6.75,6.83,6.83,80795900
8/11/2010,6.63,6.68,6.41,6.49,6.49,54953600
8/12/2010,6.35,6.75,6.26,6.57,6.57,55112400
8/13/2010,6.6,6.72,6.47,6.49,6.49,24334500
8/16/2010,6.47,6.71,6.43,6.62,6.62,20081000
8/17/2010,6.72,6.77,6.62,6.63,6.63,14697000
8/18/2010,6.62,6.66,6.51,6.57,6.57,20106000
8/19/2010,6.48,6.55,6.28,6.42,6.42,21654500
8/20/2010,6.36,6.44,6.19,6.25,6.25,23001300
8/23/2010,6.3,6.36,6.11,6.14,6.14,22085300
8/24/2010,6,6.21,5.94,5.99,5.99,32883400
8/25/2010,5.92,6.18,5.85,6.13,6.13,27782400
8/26/2010,6.19,6.22,5.83,5.87,5.87,28958300
8/27/2010,5.94,6.09,5.53,6.08,6.08,49323200
8/30/2010,6.02,6.08,5.77,5.78,5.78,23624200
8/31/2010,5.69,5.8,5.57,5.61,5.61,28571000
9/1/2010,5.75,5.86,5.68,5.76,5.76,34998400
9/2/2010,5.82,5.96,5.7,5.93,5.93,24411300
9/3/2010,6.05,6.12,5.89,6.09,6.09,22285200
9/7/2010,6.04,6.18,5.95,5.95,5.95,21679600
9/8/2010,5.96,5.96,5.79,5.83,5.83,19381400
9/9/2010,5.95,5.95,5.82,5.86,5.86,17213400
9/10/2010,5.88,5.9,5.67,5.81,5.81,23117800
9/13/2010,5.89,6.34,5.89,6.18,6.18,51746600
9/14/2010,6.16,6.47,6.08,6.27,6.27,33687400
9/15/2010,6.25,6.29,6.13,6.22,6.22,18351800
9/16/2010,6.21,6.25,6.1,6.15,6.15,21556800
9/17/2010,6.21,6.22,6.09,6.12,6.12,20223700
9/20/2010,6.16,6.17,6.02,6.09,6.09,22871300
9/21/2010,6.1,6.25,6.06,6.17,6.17,20615600
9/22/2010,6.12,6.27,6.06,6.26,6.26,27117300
9/23/2010,6.2,6.59,6.14,6.4,6.4,39689700
9/24/2010,6.6,6.85,6.6,6.84,6.84,53726900
9/27/2010,6.92,7.24,6.84,7.02,7.02,56266900
9/28/2010,7.06,7.09,6.87,6.95,6.95,32223300
9/29/2010,6.87,7.34,6.85,7.28,7.28,44249400
9/30/2010,7.39,7.44,6.99,7.11,7.11,38514800
10/1/2010,7.2,7.26,7.01,7.05,7.05,27510600
10/4/2010,7.03,7.08,6.84,6.94,6.94,23042400
10/5/2010,7.04,7.12,6.89,6.98,6.98,36286400
10/6/2010,7.01,7.05,6.78,6.86,6.86,23477400
10/7/2010,6.89,6.93,6.77,6.87,6.87,21005600
10/8/2010,6.87,7.1,6.79,7.05,7.05,25394100
10/11/2010,7.1,7.28,7.08,7.24,7.24,24687300
10/12/2010,7.26,7.35,7.16,7.3,7.3,27727500
10/13/2010,7.45,7.48,7.22,7.22,7.22,32283000
10/14/2010,7.23,7.25,7,7.14,7.14,36306700
10/15/2010,7.36,7.39,7.01,7.12,7.12,37688100
10/18/2010,7.11,7.13,6.89,6.96,6.96,26657500
10/19/2010,6.86,7.14,6.8,6.95,6.95,39344200
10/20/2010,6.98,7.05,6.8,6.82,6.82,45596700
10/21/2010,6.87,6.95,6.79,6.89,6.89,23156100
10/22/2010,6.86,7,6.86,6.89,6.89,21180100
10/25/2010,6.96,7.33,6.94,7.26,7.26,37042200
10/26/2010,7.2,7.3,7.14,7.2,7.2,16114600
10/27/2010,7.17,7.35,7.16,7.35,7.35,18477100
10/28/2010,7.36,7.68,7.34,7.63,7.63,32454500
10/29/2010,7.61,7.63,7.31,7.34,7.34,26841400
11/1/2010,7.48,7.5,7.3,7.36,7.36,20604400
11/2/2010,7.41,7.63,7.4,7.54,7.54,21752500
11/3/2010,7.52,7.67,7.47,7.64,7.64,20359100
11/4/2010,7.71,8,7.67,8,8,29582400
11/5/2010,8.03,8.16,7.97,8.04,8.04,24711800
11/8/2010,8.03,8.22,8.03,8.14,8.14,28465800
11/9/2010,8.22,8.24,7.85,7.91,7.91,42726500
11/10/2010,7.89,7.94,7.7,7.75,7.75,31317300
11/11/2010,7.56,7.68,7.46,7.63,7.63,17940500
11/12/2010,7.59,7.85,7.5,7.63,7.63,34469700
11/15/2010,7.75,7.82,7.56,7.57,7.57,15867600
11/16/2010,7.49,7.65,7.42,7.43,7.43,26840800
11/17/2010,7.32,7.43,7.24,7.33,7.33,17761400
11/18/2010,7.43,7.48,7.3,7.35,7.35,13942700
11/19/2010,7.36,7.53,7.27,7.47,7.47,14476000
11/22/2010,7.44,7.56,7.3,7.41,7.41,12073300
11/23/2010,7.32,7.41,7.26,7.32,7.32,10386700
11/24/2010,7.38,7.67,7.37,7.62,7.62,14304900
11/26/2010,7.6,7.65,7.51,7.55,7.55,4052200
11/29/2010,7.47,7.5,7.26,7.38,7.38,15579700
11/30/2010,7.29,7.37,7.26,7.29,7.29,12917100
12/1/2010,7.41,7.6,7.37,7.51,7.51,23883600
12/2/2010,7.56,7.63,7.49,7.54,7.54,19539900
12/3/2010,7.53,7.7,7.5,7.65,7.65,17230100
12/6/2010,7.65,7.87,7.61,7.82,7.82,22908800
12/7/2010,7.91,8.14,7.9,8.02,8.02,31776500
12/8/2010,7.98,8.2,7.95,8.17,8.17,19981200
12/9/2010,8.21,8.23,7.91,7.95,7.95,16823000
12/10/2010,8,8.12,7.89,8.07,8.07,15130900
12/13/2010,8.13,8.43,8.1,8.23,8.23,29524200
12/14/2010,8.23,8.27,8,8.05,8.05,15770200
12/15/2010,8,8.24,7.97,8.02,8.02,17187800
12/16/2010,8.01,8.12,7.96,8.03,8.03,9935500
12/17/2010,8.05,8.1,7.86,8.1,8.1,25999900
12/20/2010,8.09,8.24,8.06,8.24,8.24,14044600
12/21/2010,8.27,8.32,8.13,8.14,8.14,9684600
12/22/2010,8.17,8.18,8.09,8.11,8.11,9203300
12/23/2010,8.04,8.11,7.95,8.04,8.04,10784500
12/27/2010,8,8.08,7.93,8.05,8.05,8493000
12/28/2010,8.07,8.17,8.05,8.09,8.09,6138100
12/29/2010,8.1,8.15,8.06,8.08,8.08,6926400
12/30/2010,8.1,8.15,8.1,8.14,8.14,6213500
12/31/2010,8.14,8.19,8.05,8.18,8.18,7971200
1/3/2011,8.44,8.55,8.39,8.47,8.47,21152900
1/4/2011,8.56,8.84,8.54,8.77,8.77,26875300
1/5/2011,8.74,8.95,8.72,8.91,8.91,19457400
1/6/2011,8.92,8.94,8.67,8.69,8.69,21198200
1/7/2011,8.73,8.86,8.63,8.83,8.83,14062400
1/10/2011,9.05,9.25,8.92,9.19,9.19,42654000
1/11/2011,8.77,8.8,8.33,8.36,8.36,82092400
1/12/2011,8.41,8.5,8.36,8.39,8.39,34001000
1/13/2011,8.44,8.46,8.24,8.26,8.26,31520900
1/14/2011,8.32,8.33,8.05,8.2,8.2,38179400
1/18/2011,8.2,8.24,8.07,8.1,8.1,22013300
1/19/2011,8.13,8.17,7.9,7.93,7.93,22737700
1/20/2011,7.88,8.02,7.85,8.02,8.02,25167900
1/21/2011,8.14,8.15,7.51,7.54,7.54,64327200
1/24/2011,7.53,7.73,7.5,7.68,7.68,28030200
1/25/2011,7.66,7.68,7.34,7.48,7.48,36805900
1/26/2011,7.49,7.54,7.35,7.49,7.49,25064300
1/27/2011,7.61,7.78,7.53,7.75,7.75,29756900
1/28/2011,7.76,7.83,7.4,7.49,7.49,33405600
1/31/2011,7.55,8.04,7.5,7.83,7.83,42749900
2/1/2011,8.1,8.25,8.06,8.22,8.22,40250200
2/2/2011,8.16,8.6,8.16,8.29,8.29,36239600
2/3/2011,8.36,8.43,8.1,8.33,8.33,22946500
2/4/2011,8.32,8.49,8.25,8.4,8.4,21103900
2/7/2011,8.47,8.49,8.25,8.33,8.33,18586100
2/8/2011,8.28,8.3,8.09,8.24,8.24,18819100
2/9/2011,8.18,8.32,8.03,8.23,8.23,18426800
2/10/2011,8.1,8.25,8.08,8.22,8.22,14926600
2/11/2011,8.16,8.29,8.12,8.28,8.28,11337700
2/14/2011,8.26,8.74,8.25,8.63,8.63,37759600
2/15/2011,8.6,8.76,8.44,8.6,8.6,30341600
2/16/2011,8.65,9.12,8.61,8.99,8.99,47680900
2/17/2011,8.96,9.51,8.94,9.44,9.44,53360500
2/18/2011,9.52,9.58,9.15,9.18,9.18,30992800
2/22/2011,8.88,9.17,8.82,8.85,8.85,32256700
2/23/2011,8.78,8.95,8.37,8.55,8.55,32335800
2/24/2011,8.59,9.18,8.57,9.1,9.1,40939000
2/25/2011,9.25,9.45,9.23,9.29,9.29,29307900
2/28/2011,9.34,9.39,9.05,9.21,9.21,21558600
3/1/2011,9.27,9.32,9,9.03,9.03,19415000
3/2/2011,9.05,9.34,9.05,9.17,9.17,21253600
3/3/2011,9.31,9.37,9.18,9.28,9.28,18762800
3/4/2011,9.33,9.39,9.15,9.23,9.23,23059400
3/7/2011,9.19,9.22,8.74,8.84,8.84,29786000
3/8/2011,8.88,9.1,8.75,8.99,8.99,20298300
3/9/2011,8.94,8.94,8.63,8.67,8.67,23332100
3/10/2011,8.53,8.55,8.36,8.42,8.42,26255500
3/11/2011,8.26,8.67,8.26,8.65,8.65,21127900
3/14/2011,8.56,8.75,8.35,8.43,8.43,17092200
3/15/2011,7.99,8.34,7.93,8.28,8.28,19782900
3/16/2011,8.28,8.46,8.05,8.12,8.12,21088500
3/17/2011,8.29,8.4,8.2,8.31,8.31,14552000
3/18/2011,8.45,8.63,8.34,8.55,8.55,21509200
3/21/2011,8.73,8.74,8.51,8.55,8.55,13728600
3/22/2011,8.54,8.62,8.36,8.36,8.36,11878000
3/23/2011,8.36,8.6,8.28,8.59,8.59,13611100
3/24/2011,8.66,8.85,8.61,8.83,8.83,17440600
3/25/2011,8.78,8.9,8.73,8.88,8.88,17489100
3/28/2011,8.89,8.89,8.68,8.69,8.69,12030000
3/29/2011,8.69,8.7,8.54,8.68,8.68,14767300
3/30/2011,8.74,8.85,8.61,8.79,8.79,14592700
3/31/2011,8.77,8.85,8.57,8.6,8.6,18376500
4/1/2011,8.61,8.69,8.27,8.36,8.36,20393200
4/4/2011,8.4,8.42,8.01,8.1,8.1,26709200
4/5/2011,8.23,8.35,8.1,8.11,8.11,26089100
4/6/2011,8.22,8.51,8.17,8.43,8.43,21004600
4/7/2011,8.48,8.54,8.29,8.41,8.41,14977000
4/8/2011,8.47,8.51,8.31,8.47,8.47,19905400
4/11/2011,8.46,8.58,8.4,8.42,8.42,16621600
4/12/2011,8.35,8.39,8.16,8.26,8.26,12465200
4/13/2011,8.35,8.37,8.18,8.2,8.2,11568900
4/14/2011,8.14,8.22,8.02,8.19,8.19,13562200
4/15/2011,8.2,8.28,8.08,8.27,8.27,12619500
4/18/2011,8.11,8.28,8.01,8.2,8.2,16728600
4/19/2011,8.21,8.29,8.16,8.27,8.27,12075200
4/20/2011,8.48,8.65,8.41,8.63,8.63,21385600
4/21/2011,8.73,8.77,8.63,8.71,8.71,18746500
4/25/2011,8.67,8.72,8.42,8.7,8.7,21700300
4/26/2011,8.7,8.92,8.64,8.88,8.88,22000000
4/27/2011,8.86,8.95,8.81,8.95,8.95,12857900
4/28/2011,8.88,9.09,8.85,9.07,9.07,17041600
4/29/2011,9.04,9.14,9.02,9.1,9.1,11383900
5/2/2011,9.16,9.17,8.99,9.03,9.03,10711100
5/3/2011,9,9.05,8.63,8.8,8.8,17344300
5/4/2011,8.77,8.86,8.64,8.79,8.79,16845200
5/5/2011,8.68,8.99,8.67,8.87,8.87,14692400
5/6/2011,9,9.05,8.89,8.92,8.92,17439500
5/9/2011,8.93,8.97,8.83,8.94,8.94,9486900
5/10/2011,8.75,8.96,8.72,8.94,8.94,15046500
5/11/2011,8.89,9.07,8.8,8.88,8.88,14888900
5/12/2011,8.78,8.96,8.73,8.93,8.93,17255300
5/13/2011,8.92,9.07,8.85,8.9,8.9,12875500
5/16/2011,8.77,8.95,8.65,8.67,8.67,16573500
5/17/2011,8.62,8.62,8.38,8.54,8.54,20017900
5/18/2011,8.53,8.73,8.52,8.67,8.67,17954500
5/19/2011,8.62,8.71,8.55,8.64,8.64,15699700
5/20/2011,8.58,8.7,8.54,8.62,8.62,16694300
5/23/2011,8.49,8.69,8.45,8.49,8.49,16884200
5/24/2011,8.55,8.57,8.37,8.39,8.39,15950500
5/25/2011,8.37,8.47,8.31,8.43,8.43,12008700
5/26/2011,8.45,8.5,8.36,8.48,8.48,8118900
5/27/2011,8.53,8.6,8.44,8.49,8.49,9624700
5/31/2011,8.56,8.71,8.53,8.68,8.68,11527400
6/1/2011,8.65,8.68,8.36,8.37,8.37,13363300
6/2/2011,8.39,8.44,8.21,8.24,8.24,15133300
6/3/2011,8.09,8.17,7.92,7.97,7.97,21264700
6/6/2011,7.97,7.99,7.77,7.8,7.8,12263100
6/7/2011,7.87,7.95,7.71,7.71,7.71,17796100
6/8/2011,7.72,7.89,7.54,7.62,7.62,27123800
6/9/2011,7.65,7.73,7.59,7.64,7.64,15715800
6/10/2011,7.63,7.67,7.44,7.59,7.59,14571600
6/13/2011,7.6,7.63,7.45,7.54,7.54,12446700
6/14/2011,7.67,7.79,7.61,7.67,7.67,12738700
6/15/2011,7.58,7.66,7.45,7.5,7.5,14470900
6/16/2011,7.65,7.73,7.05,7.19,7.19,48145200
6/17/2011,7.29,7.29,6.96,7,7,31095600
6/20/2011,6.96,7,6.72,6.89,6.89,33807900
6/21/2011,6.98,7.25,6.95,7.22,7.22,26234300
6/22/2011,7.15,7.19,7.05,7.06,7.06,17390400
6/23/2011,6.98,7.08,6.74,7.06,7.06,33904500
6/24/2011,7.02,7.03,6.86,6.9,6.9,17827700
6/27/2011,6.91,6.96,6.83,6.92,6.92,9519100
6/28/2011,6.95,7.08,6.9,6.95,6.95,20625100
6/29/2011,7,7.05,6.79,6.89,6.89,27292900
6/30/2011,6.93,7.12,6.9,6.99,6.99,25379100
7/1/2011,6.99,7.13,6.89,7.11,7.11,27641600
7/5/2011,7.11,7.16,7.06,7.14,7.14,16220600
7/6/2011,7.1,7.11,7,7,7,13087600
7/7/2011,7.08,7.2,7.05,7.15,7.15,12530200
7/8/2011,7.06,7.06,6.92,6.95,6.95,19971300
7/11/2011,6.8,6.9,6.75,6.76,6.76,26012400
7/12/2011,6.72,6.72,6.31,6.43,6.43,37605500
7/13/2011,6.49,6.63,6.4,6.48,6.48,20844400
7/14/2011,6.45,6.59,6.35,6.44,6.44,19663800
7/15/2011,6.45,6.53,6.39,6.43,6.43,12736200
7/18/2011,6.37,6.43,6.09,6.18,6.18,31233200
7/19/2011,6.29,6.55,6.23,6.48,6.48,25765100
7/20/2011,6.56,6.62,6.4,6.6,6.6,18422800
7/21/2011,6.59,6.61,6.44,6.5,6.5,29318700
7/22/2011,7.09,7.79,7.07,7.75,7.75,86038800
7/25/2011,7.62,7.77,7.43,7.63,7.63,32285600
7/26/2011,7.67,7.87,7.63,7.66,7.66,21457900
7/27/2011,7.6,7.71,7.44,7.51,7.51,23537800
7/28/2011,7.5,7.63,7.36,7.42,7.42,16730800
7/29/2011,7.32,7.49,7.21,7.34,7.34,20881800
8/1/2011,7.54,7.58,7.1,7.22,7.22,23191400
8/2/2011,7.18,7.24,6.87,7.11,7.11,33153300
8/3/2011,7.06,7.23,6.84,7.16,7.16,31581700
8/4/2011,7.05,7.05,6.5,6.5,6.5,34761500
8/5/2011,6.59,6.75,6.16,6.56,6.56,39379400
8/8/2011,6.03,6.25,5.9,5.94,5.94,41251000
8/9/2011,6.08,6.19,5.79,6.18,6.18,25314600
8/10/2011,5.63,6.19,5.6,5.85,5.85,35411100
8/11/2011,5.93,6.26,5.87,6.17,6.17,25934800
8/12/2011,6.31,6.42,6.18,6.21,6.21,15588000
8/15/2011,6.28,6.45,6.22,6.43,6.43,11476700
8/16/2011,6.36,6.43,6.18,6.34,6.34,16355700
8/17/2011,6.41,6.47,6.08,6.14,6.14,15248500
8/18/2011,5.9,5.96,5.64,5.79,5.79,27200300
8/19/2011,5.72,6.09,5.71,5.98,5.98,37995200
8/22/2011,6.13,6.18,5.95,6.05,6.05,18433500
8/23/2011,6.08,6.5,5.89,6.5,6.5,31113900
8/24/2011,6.5,6.51,6.16,6.34,6.34,17181400
8/25/2011,6.32,6.7,6.29,6.37,6.37,27369300
8/26/2011,6.3,6.6,6.22,6.49,6.49,17110800
8/29/2011,6.58,6.83,6.57,6.83,6.83,13491500
8/30/2011,6.76,6.93,6.69,6.84,6.84,17400800
8/31/2011,6.84,6.94,6.75,6.83,6.83,26838200
9/1/2011,6.83,6.87,6.67,6.68,6.68,15254200
9/2/2011,6.35,6.48,6.28,6.32,6.32,17934000
9/6/2011,6.09,6.32,6.07,6.27,6.27,16300900
9/7/2011,6.5,6.76,6.44,6.76,6.76,18692700
9/8/2011,6.72,6.96,6.63,6.81,6.81,32017100
9/9/2011,6.69,6.82,6.48,6.52,6.52,17494200
9/12/2011,6.4,6.75,6.4,6.71,6.71,20412200
9/13/2011,6.77,7,6.66,6.96,6.96,19043000
9/14/2011,7.02,7.26,6.98,7.21,7.21,23767100
9/15/2011,7.3,7.44,7.25,7.34,7.34,23786400
9/16/2011,7.38,7.42,7.13,7.2,7.2,19877300
9/19/2011,6.96,7.14,6.85,6.92,6.92,36465500
9/20/2011,6.96,6.99,6.73,6.74,6.74,17428300
9/21/2011,6.8,6.85,6.48,6.48,6.48,20043200
9/22/2011,6.24,6.3,5.9,6.12,6.12,44630800
9/23/2011,6.01,6.23,5.95,6.17,6.17,21921300
9/26/2011,6.37,6.43,6.11,6.4,6.4,27779100
9/27/2011,6.57,6.76,6.44,6.49,6.49,26947400
9/28/2011,6.51,6.57,6.15,6.15,6.15,29234600
9/29/2011,5.49,5.65,5.11,5.31,5.31,67973500
9/30/2011,5.23,5.3,5.07,5.08,5.08,29671100
10/3/2011,5.03,5.03,4.52,4.53,4.53,39505500
10/4/2011,4.42,4.72,4.31,4.72,4.72,37500000
10/5/2011,4.65,4.9,4.52,4.83,4.83,28840200
10/6/2011,4.91,4.91,4.7,4.85,4.85,19193800
10/7/2011,4.94,4.99,4.69,4.73,4.73,22123200
10/10/2011,4.85,4.97,4.75,4.84,4.84,14709800
10/11/2011,4.86,4.93,4.78,4.86,4.86,15419700
10/12/2011,4.94,5.07,4.92,4.93,4.93,19261200
10/13/2011,4.94,4.98,4.85,4.97,4.97,17307600
10/14/2011,5.04,5.07,4.85,4.92,4.92,12805400
10/17/2011,4.9,4.9,4.65,4.67,4.67,16611900
10/18/2011,4.68,4.84,4.57,4.83,4.83,21338700
10/19/2011,4.9,4.92,4.69,4.73,4.73,18304000
10/20/2011,4.72,4.76,4.45,4.54,4.54,25240900
10/21/2011,4.65,4.73,4.61,4.72,4.72,13915400
10/24/2011,4.74,5.06,4.74,5.06,5.06,24368900
10/25/2011,5,5.05,4.86,4.91,4.91,14842800
10/26/2011,4.99,5.13,4.87,5.1,5.1,19662200
10/27/2011,5.27,5.6,5.17,5.54,5.54,41294000
10/28/2011,5.83,6.05,5.71,5.94,5.94,47582100
10/31/2011,5.84,5.96,5.8,5.83,5.83,19381300
11/1/2011,5.56,5.59,5.29,5.3,5.3,45412600
11/2/2011,5.45,5.49,5.34,5.46,5.46,21246800
11/3/2011,5.53,5.77,5.3,5.73,5.73,26417100
11/4/2011,5.61,5.77,5.49,5.67,5.67,17552600
11/7/2011,5.67,5.77,5.53,5.68,5.68,14564500
11/8/2011,5.72,5.78,5.64,5.75,5.75,14000000
11/9/2011,5.55,5.64,5.38,5.38,5.38,18518400
11/10/2011,5.49,5.72,5.34,5.66,5.66,23914400
11/11/2011,5.69,6,5.67,5.95,5.95,22806700
11/14/2011,5.93,5.99,5.76,5.79,5.79,12270200
11/15/2011,5.74,5.85,5.7,5.76,5.76,13712500
11/16/2011,5.71,5.85,5.64,5.68,5.68,12713300
11/17/2011,5.71,5.74,5.4,5.44,5.44,18207600
11/18/2011,5.48,5.52,5.4,5.47,5.47,12677100
11/21/2011,5.34,5.48,5.22,5.42,5.42,15305400
11/22/2011,5.37,5.46,5.29,5.3,5.3,19461400
11/23/2011,5.22,5.22,5.01,5.05,5.05,18338100
11/25/2011,5.03,5.11,4.96,4.99,4.99,8669000
11/28/2011,5.24,5.35,5.2,5.3,5.3,12143000
11/29/2011,5.33,5.44,5.3,5.32,5.32,10195400
11/30/2011,5.49,5.69,5.47,5.69,5.69,16152400
12/1/2011,5.61,5.74,5.54,5.7,5.7,10881400
12/2/2011,5.77,5.83,5.65,5.65,5.65,7733000
12/5/2011,5.75,5.84,5.69,5.76,5.76,11215800
12/6/2011,5.74,5.78,5.61,5.66,5.66,11406800
12/7/2011,5.6,5.74,5.53,5.72,5.72,12659400
12/8/2011,5.64,5.69,5.45,5.47,5.47,16654200
12/9/2011,5.49,5.56,5.39,5.54,5.54,13352500
12/12/2011,5.38,5.39,5.22,5.3,5.3,14586200
12/13/2011,5.33,5.39,5.12,5.18,5.18,22707700
12/14/2011,5.14,5.18,5.01,5.07,5.07,13350800
12/15/2011,5.14,5.17,5.01,5.04,5.04,13624900
12/16/2011,5.08,5.14,5.02,5.13,5.13,11679700
12/19/2011,5.2,5.2,4.82,4.86,4.86,14173400
12/20/2011,4.96,5.2,4.95,5.19,5.19,13554100
12/21/2011,5.12,5.2,4.99,5.08,5.08,11852700
12/22/2011,5.12,5.5,5.1,5.45,5.45,16217300
12/23/2011,5.49,5.51,5.35,5.41,5.41,6666000
12/27/2011,5.4,5.48,5.34,5.38,5.38,5648100
12/28/2011,5.39,5.42,5.24,5.28,5.28,5277600
12/29/2011,5.31,5.39,5.27,5.34,5.34,6145100
12/30/2011,5.34,5.45,5.28,5.4,5.4,6906000
1/3/2012,5.53,5.59,5.44,5.48,5.48,12675100
1/4/2012,5.47,5.49,5.41,5.46,5.46,8034900
1/5/2012,5.45,5.57,5.35,5.46,5.46,11476900
1/6/2012,5.44,5.52,5.39,5.43,5.43,12938600
1/9/2012,5.42,5.6,5.38,5.59,5.59,12585400
1/10/2012,5.66,5.75,5.64,5.71,5.71,10129600
1/11/2012,5.68,5.84,5.68,5.81,5.81,11196300
1/12/2012,5.83,5.85,5.71,5.82,5.82,11480100
1/13/2012,5.76,5.79,5.63,5.66,5.66,9670900
1/17/2012,5.77,5.84,5.71,5.73,5.73,8259900
1/18/2012,5.73,6.03,5.73,5.97,5.97,19955800
1/19/2012,6.02,6.24,5.98,6.22,6.22,21731300
1/20/2012,6.22,6.49,6.18,6.42,6.42,28706300
1/23/2012,6.42,6.6,6.39,6.52,6.52,21918400
1/24/2012,6.47,6.81,6.39,6.53,6.53,38790500
1/25/2012,6.28,6.78,6.23,6.73,6.73,36785000
1/26/2012,6.73,6.95,6.68,6.77,6.77,25160600
1/27/2012,6.72,6.85,6.65,6.82,6.82,16442700
1/30/2012,6.73,6.78,6.61,6.74,6.74,13366600
1/31/2012,6.79,6.84,6.69,6.71,6.71,17475500
2/1/2012,6.83,6.92,6.8,6.9,6.9,14672100
2/2/2012,6.9,7,6.84,6.93,6.93,15775200
2/3/2012,7.02,7.12,6.98,7.08,7.08,15318100
2/6/2012,7.02,7.05,6.9,6.92,6.92,13144800
2/7/2012,6.96,7.19,6.95,7.13,7.13,18873500
2/8/2012,7.14,7.39,7.11,7.25,7.25,15606000
2/9/2012,7.3,7.33,7.13,7.24,7.24,13358200
2/10/2012,7.08,7.12,6.96,7.05,7.05,16473400
2/13/2012,7.24,7.37,7.17,7.29,7.29,19481700
2/14/2012,7.24,7.43,7.24,7.32,7.32,18756000
2/15/2012,7.38,7.5,7.3,7.3,7.3,15269400
2/16/2012,7.3,7.6,7.27,7.59,7.59,13140100
2/17/2012,7.66,7.68,7.42,7.42,7.42,13955100
2/21/2012,7.44,7.45,7.2,7.28,7.28,15663000
2/22/2012,7.24,7.27,7,7.14,7.14,20775200
2/23/2012,7.11,7.3,7.05,7.29,7.29,16384600
2/24/2012,7.42,7.57,7.38,7.46,7.46,19280700
2/27/2012,7.4,7.59,7.27,7.47,7.47,14762600
2/28/2012,7.45,7.61,7.43,7.52,7.52,10513600
2/29/2012,7.52,7.55,7.34,7.35,7.35,13941400
3/1/2012,7.47,7.7,7.42,7.51,7.51,19151900
3/2/2012,7.5,7.63,7.43,7.46,7.46,11203300
3/5/2012,7.35,7.44,7.03,7.07,7.07,25144300
3/6/2012,6.91,6.95,6.76,6.9,6.9,15020700
3/7/2012,7,7.23,6.92,7.17,7.17,18978700
3/8/2012,7.24,7.5,7.22,7.47,7.47,21247000
3/9/2012,7.56,7.65,7.53,7.58,7.58,15093300
3/12/2012,7.55,7.6,7.43,7.5,7.5,15385500
3/13/2012,7.56,7.79,7.54,7.76,7.76,17889900
3/14/2012,7.75,7.99,7.73,7.76,7.76,22707000
3/15/2012,7.96,8.28,7.92,8.25,8.25,27147900
3/16/2012,8.31,8.33,8.11,8.2,8.2,14106400
3/19/2012,8.19,8.23,8.08,8.18,8.18,12016800
3/20/2012,8.05,8.09,7.92,8.06,8.06,16426200
3/21/2012,8.09,8.18,8.01,8.04,8.04,9085100
3/22/2012,7.97,8.04,7.9,8.03,8.03,9346900
3/23/2012,8.05,8.12,7.95,8.09,8.09,8149200
3/26/2012,8.16,8.25,8.12,8.24,8.24,8692000
3/27/2012,8.25,8.35,8.17,8.19,8.19,9802000
3/28/2012,8.17,8.27,7.98,8.08,8.08,15385000
3/29/2012,7.98,8.12,7.93,8.12,8.12,13920300
3/30/2012,8.18,8.2,7.95,8.02,8.02,14586100
4/2/2012,8.03,8.24,7.95,8.2,8.2,12477300
4/3/2012,8.09,8.17,7.91,7.98,7.98,18446600
4/4/2012,7.89,7.89,7.6,7.81,7.81,16055700
4/5/2012,7.61,7.89,7.6,7.87,7.87,14951800
4/9/2012,7.71,7.85,7.66,7.75,7.75,10066600
4/10/2012,7.73,7.89,7.52,7.53,7.53,16439400
4/11/2012,7.64,7.8,7.62,7.64,7.64,9540800
4/12/2012,7.84,7.95,7.71,7.92,7.92,10959900
4/13/2012,7.85,7.86,7.68,7.73,7.73,11975400
4/16/2012,7.8,7.84,7.55,7.7,7.7,14931000
4/17/2012,7.83,8.01,7.8,7.94,7.94,15773800
4/18/2012,7.81,8.06,7.79,7.97,7.97,13999400
4/19/2012,8.01,8.06,7.75,7.97,7.97,25074700
4/20/2012,8.16,8.21,7.73,7.76,7.76,38757700
4/23/2012,7.59,7.65,7.39,7.39,7.39,23445100
4/24/2012,7.44,7.48,7.26,7.31,7.31,20552900
4/25/2012,7.42,7.48,7.21,7.39,7.39,17392100
4/26/2012,7.35,7.49,7.31,7.45,7.45,22484700
4/27/2012,7.44,7.49,7.22,7.33,7.33,19381300
4/30/2012,7.3,7.46,7.3,7.36,7.36,13327200
5/1/2012,7.34,7.64,7.31,7.59,7.59,18849900
5/2/2012,7.51,7.65,7.47,7.63,7.63,14124600
5/3/2012,7.57,7.72,7.37,7.41,7.41,15768500
5/4/2012,7.35,7.4,7.13,7.18,7.18,12320600
5/7/2012,7.13,7.32,7.13,7.18,7.18,10558200
5/8/2012,7.1,7.12,6.9,7.03,7.03,12568300
5/9/2012,6.9,6.96,6.72,6.86,6.86,19307400
5/10/2012,6.58,6.85,6.48,6.78,6.78,26539700
5/11/2012,6.73,7.03,6.72,6.78,6.78,17698800
5/14/2012,6.69,6.89,6.63,6.75,6.75,13394600
5/15/2012,6.76,6.82,6.53,6.6,6.6,12501500
5/16/2012,6.66,6.76,6.39,6.39,6.39,17258100
5/17/2012,6.38,6.42,6.11,6.13,6.13,27076500
5/18/2012,6.19,6.29,6,6.01,6.01,14979900
5/21/2012,6.1,6.34,6.06,6.3,6.3,16378200
5/22/2012,6.17,6.27,6.08,6.16,6.16,12600900
5/23/2012,5.98,6.08,5.89,6.08,6.08,19700000
5/24/2012,6.09,6.1,5.96,6.02,6.02,9713100
5/25/2012,6.02,6.22,5.99,6.22,6.22,10026500
5/29/2012,6.23,6.46,6.22,6.46,6.46,16984800
5/30/2012,6.35,6.39,6.15,6.15,6.15,18305600
5/31/2012,6.12,6.14,5.93,6.08,6.08,19844100
6/1/2012,5.9,5.9,5.63,5.73,5.73,25558000
6/4/2012,5.76,5.83,5.52,5.63,5.63,15576200
6/5/2012,5.66,5.84,5.64,5.83,5.83,12256100
6/6/2012,5.91,6.1,5.91,6.02,6.02,13460500
6/7/2012,6.1,6.14,5.72,5.76,5.76,17451300
6/8/2012,5.73,5.92,5.71,5.91,5.91,7580800
6/11/2012,6.01,6.02,5.68,5.69,5.69,11840200
6/12/2012,5.76,5.92,5.75,5.91,5.91,12517400
6/13/2012,5.89,5.95,5.75,5.76,5.76,12585700
6/14/2012,5.75,5.81,5.7,5.76,5.76,8485800
6/15/2012,5.77,5.88,5.73,5.87,5.87,9292400
6/18/2012,5.85,6,5.8,5.93,5.93,11950000
6/19/2012,5.93,6,5.8,5.81,5.81,21247800
6/20/2012,5.87,6.09,5.79,6.06,6.06,23323500
6/21/2012,6.04,6.04,5.71,5.72,5.72,17212000
6/22/2012,5.77,5.82,5.63,5.73,5.73,15918900
6/25/2012,5.64,5.64,5.38,5.41,5.41,17470300
6/26/2012,5.44,5.5,5.39,5.44,5.44,10162500
6/27/2012,5.47,5.53,5.4,5.5,5.5,8999200
6/28/2012,5.45,5.47,5.32,5.41,5.41,11533600
6/29/2012,5.59,5.73,5.58,5.73,5.73,20948600
7/2/2012,5.75,5.78,5.66,5.75,5.75,11159600
7/3/2012,5.78,6.08,5.77,6.03,6.03,11319400
7/5/2012,5.8,5.98,5.79,5.88,5.88,13359900
7/6/2012,5.8,5.83,5.68,5.75,5.75,9952400
7/9/2012,5.69,5.78,5.61,5.62,5.62,13565900
7/10/2012,5.08,5.4,4.95,4.99,4.99,75490100
7/11/2012,5.02,5.04,4.86,4.89,4.89,16155500
7/12/2012,4.85,4.96,4.81,4.88,4.88,19891400
7/13/2012,4.89,4.95,4.83,4.9,4.9,15546400
7/16/2012,4.85,4.87,4.74,4.83,4.83,14791700
7/17/2012,4.85,4.93,4.71,4.87,4.87,14273200
7/18/2012,4.83,5.02,4.76,4.89,4.89,15849900
7/19/2012,4.93,5.07,4.82,4.86,4.86,27598400
7/20/2012,4.62,4.62,4.2,4.22,4.22,52272400
7/23/2012,4.15,4.16,4.03,4.15,4.15,22166600
7/24/2012,4.18,4.2,4,4.06,4.06,21019600
7/25/2012,4.11,4.15,3.98,4.01,4.01,20287800
7/26/2012,4.05,4.09,4,4.04,4.04,11233600
7/27/2012,4.09,4.12,4.02,4.09,4.09,13882400
7/30/2012,4.08,4.13,4.06,4.1,4.1,9546600
7/31/2012,4.09,4.15,4.05,4.06,4.06,13539000
8/1/2012,4.09,4.15,3.99,4.05,4.05,16227500
8/2/2012,4.03,4.12,3.89,3.97,3.97,15798800
8/3/2012,4.01,4.1,3.98,4.09,4.09,8352200
8/6/2012,4.1,4.12,3.95,4.01,4.01,18012600
8/7/2012,4.04,4.12,4.01,4.02,4.02,17095500
8/8/2012,4.05,4.47,4.03,4.4,4.4,52654600
8/9/2012,4.41,4.41,4.23,4.37,4.37,23069200
8/10/2012,4.23,4.37,4.22,4.34,4.34,7842500
8/13/2012,4.31,4.32,4.21,4.26,4.26,12805200
8/14/2012,4.31,4.35,4.11,4.12,4.12,13190100
8/15/2012,4.11,4.23,4.1,4.19,4.19,10406600
8/16/2012,4.19,4.24,4.13,4.17,4.17,12980100
8/17/2012,4.17,4.2,4.08,4.1,4.1,9228900
8/20/2012,4.1,4.1,3.98,4.09,4.09,17270600
8/21/2012,4.1,4.18,4.03,4.07,4.07,15999500
8/22/2012,4.05,4.05,3.96,4.01,4.01,17671700
8/23/2012,3.98,3.98,3.88,3.9,3.9,24424500
8/24/2012,3.88,3.95,3.85,3.94,3.94,12557300
8/27/2012,3.95,3.95,3.82,3.85,3.85,13057600
8/28/2012,3.84,3.88,3.75,3.79,3.79,14500800
8/29/2012,3.8,3.84,3.76,3.77,3.77,10004700
8/30/2012,3.75,3.8,3.7,3.7,3.7,12154100
8/31/2012,3.77,3.78,3.6,3.72,3.72,23593500
9/4/2012,3.69,3.71,3.6,3.64,3.64,16162600
9/5/2012,3.57,3.63,3.43,3.51,3.51,34274300
9/6/2012,3.55,3.66,3.53,3.66,3.66,19948800
9/7/2012,3.62,3.62,3.43,3.45,3.45,31043300
9/10/2012,3.49,3.59,3.46,3.47,3.47,32422000
9/11/2012,3.52,3.77,3.48,3.75,3.75,33085500
9/12/2012,3.83,3.92,3.75,3.89,3.89,50272400
9/13/2012,3.82,3.94,3.75,3.92,3.92,38356300
9/14/2012,3.96,3.99,3.85,3.9,3.9,23583300
9/17/2012,3.9,4.02,3.82,4.01,4.01,42220500
9/18/2012,3.7,3.9,3.6,3.62,3.62,91369500
9/19/2012,3.66,3.71,3.58,3.66,3.66,31304000
9/20/2012,3.64,3.66,3.59,3.59,3.59,20836600
9/21/2012,3.63,3.68,3.58,3.6,3.6,20269300
9/24/2012,3.54,3.55,3.45,3.46,3.46,23733000
9/25/2012,3.48,3.5,3.28,3.28,3.28,29232200
9/26/2012,3.27,3.42,3.22,3.32,3.32,22959900
9/27/2012,3.36,3.5,3.34,3.43,3.43,19551200
9/28/2012,3.43,3.44,3.35,3.37,3.37,15558100
10/1/2012,3.39,3.41,3.26,3.28,3.28,25050500
10/2/2012,3.3,3.41,3.17,3.27,3.27,27052700
10/3/2012,3.28,3.29,3.1,3.12,3.12,27800700
10/4/2012,3.17,3.25,3.09,3.22,3.22,23236300
10/5/2012,3.24,3.28,3.17,3.22,3.22,11215000
10/8/2012,3.21,3.24,3.15,3.19,3.19,9897400
10/9/2012,3.18,3.26,3.15,3.25,3.25,19696500
10/10/2012,3.22,3.22,3.13,3.15,3.15,19234500
10/11/2012,3.19,3.24,3.13,3.2,3.2,18206700
10/12/2012,2.86,2.99,2.74,2.74,2.74,83878000
10/15/2012,2.79,2.83,2.73,2.75,2.75,26746100
10/16/2012,2.77,2.78,2.66,2.68,2.68,38376800
10/17/2012,2.66,2.8,2.64,2.77,2.77,32949000
10/18/2012,2.76,2.78,2.6,2.62,2.62,35679500
10/19/2012,2.54,2.62,2.17,2.18,2.18,110069000
10/22/2012,2.23,2.23,2.09,2.1,2.1,37955900
10/23/2012,2.06,2.21,2.03,2.14,2.14,33501900
10/24/2012,2.17,2.22,2.06,2.08,2.08,37324400
10/25/2012,2.1,2.15,2.07,2.12,2.12,21980400
10/26/2012,2.13,2.14,2.06,2.07,2.07,16693000
10/31/2012,2.13,2.14,2.05,2.05,2.05,17427600
11/1/2012,2.07,2.14,2.05,2.14,2.14,21773300
11/2/2012,2.15,2.15,2.07,2.1,2.1,20725300
11/5/2012,2.1,2.12,2.06,2.11,2.11,21064800
11/6/2012,2.12,2.14,2.06,2.07,2.07,24027100
11/7/2012,2.07,2.1,2.01,2.01,2.01,30029200
11/8/2012,2.03,2.06,1.96,1.98,1.98,35841500
11/9/2012,2,2.07,1.97,2.03,2.03,39582000
11/12/2012,2.04,2.06,1.99,1.99,1.99,15959100
11/13/2012,1.98,2.35,1.97,2.09,2.09,60092100
11/14/2012,2.04,2.05,1.92,1.93,1.93,40052600
11/15/2012,1.93,1.93,1.86,1.87,1.87,20270000
11/16/2012,1.87,1.9,1.81,1.86,1.86,23501300
11/19/2012,1.9,1.95,1.89,1.92,1.92,18774000
11/20/2012,1.92,1.92,1.86,1.88,1.88,11637300
11/21/2012,1.89,1.92,1.86,1.87,1.87,7525400
11/23/2012,1.92,1.97,1.92,1.95,1.95,8567500
11/26/2012,1.96,1.97,1.84,1.87,1.87,30192600
11/27/2012,1.87,1.89,1.85,1.88,1.88,22732800
11/28/2012,1.88,1.99,1.86,1.96,1.96,27471900
11/29/2012,2.01,2.12,2.01,2.04,2.04,42800100
11/30/2012,2.16,2.22,2.11,2.2,2.2,66853900
12/3/2012,2.28,2.46,2.26,2.36,2.36,70160800
12/4/2012,2.48,2.48,2.21,2.26,2.26,52165300
12/5/2012,2.3,2.32,2.25,2.29,2.29,20378800
12/6/2012,2.33,2.39,2.27,2.34,2.34,22223500
12/7/2012,2.38,2.39,2.29,2.36,2.36,34202800
12/10/2012,2.35,2.39,2.31,2.32,2.32,10015500
12/11/2012,2.34,2.36,2.3,2.33,2.33,14745400
12/12/2012,2.37,2.44,2.36,2.37,2.37,24565900
12/13/2012,2.4,2.44,2.38,2.41,2.41,25069800
12/14/2012,2.43,2.44,2.39,2.39,2.39,16552900
12/17/2012,2.41,2.46,2.39,2.46,2.46,15273300
12/18/2012,2.5,2.53,2.47,2.52,2.52,26636300
12/19/2012,2.55,2.57,2.49,2.52,2.52,20586800
12/20/2012,2.53,2.53,2.37,2.4,2.4,24819400
12/21/2012,2.33,2.59,2.25,2.59,2.59,40732900
12/24/2012,2.54,2.57,2.47,2.48,2.48,9625400
12/26/2012,2.49,2.53,2.42,2.43,2.43,12798000
12/27/2012,2.42,2.43,2.34,2.39,2.39,18485500
12/28/2012,2.3,2.36,2.25,2.28,2.28,26210200
12/31/2012,2.29,2.42,2.28,2.4,2.4,20698200
1/2/2013,2.55,2.57,2.45,2.53,2.53,27214800
1/3/2013,2.52,2.59,2.46,2.49,2.49,24966900
1/4/2013,2.51,2.59,2.49,2.59,2.59,22054200
1/7/2013,2.61,2.7,2.6,2.67,2.67,25575200
1/8/2013,2.72,2.76,2.64,2.67,2.67,29140800
1/9/2013,2.7,2.72,2.6,2.63,2.63,16675100
1/10/2013,2.69,2.7,2.61,2.62,2.62,19408800
1/11/2013,2.63,2.68,2.55,2.67,2.67,20032100
1/14/2013,2.68,2.7,2.62,2.64,2.64,17300300
1/15/2013,2.62,2.7,2.6,2.68,2.68,23696400
1/16/2013,2.67,2.76,2.63,2.72,2.72,31384700
1/17/2013,2.76,2.78,2.71,2.74,2.74,17872200
1/18/2013,2.65,2.68,2.43,2.46,2.46,41786200
1/22/2013,2.52,2.54,2.43,2.45,2.45,35143000
1/23/2013,2.62,2.75,2.59,2.73,2.73,69200500
1/24/2013,2.7,2.84,2.67,2.79,2.79,32497200
1/25/2013,2.84,2.93,2.82,2.85,2.85,33639700
1/28/2013,2.89,2.92,2.78,2.82,2.82,23636700
1/29/2013,2.86,2.86,2.69,2.74,2.74,20071100
1/30/2013,2.75,2.78,2.63,2.65,2.65,19781200
1/31/2013,2.7,2.71,2.45,2.6,2.6,27846400
2/1/2013,2.63,2.68,2.57,2.6,2.6,18806200
2/4/2013,2.63,2.64,2.52,2.52,2.52,15382300
2/5/2013,2.55,2.6,2.49,2.6,2.6,12440400
2/6/2013,2.59,2.64,2.56,2.6,2.6,8831000
2/7/2013,2.61,2.63,2.56,2.57,2.57,6780200
2/8/2013,2.58,2.6,2.58,2.59,2.59,5972800
2/11/2013,2.59,2.7,2.59,2.67,2.67,22415300
2/12/2013,2.71,2.78,2.69,2.77,2.77,13675500
2/13/2013,2.81,2.83,2.73,2.75,2.75,11495000
2/14/2013,2.74,2.75,2.69,2.75,2.75,13289000
2/15/2013,2.77,2.79,2.7,2.71,2.71,10718400
2/19/2013,2.75,2.82,2.73,2.82,2.82,19819200
2/20/2013,2.84,2.84,2.68,2.7,2.7,21361700
2/21/2013,2.69,2.69,2.52,2.6,2.6,30776300
2/22/2013,2.64,2.67,2.55,2.61,2.61,20254200
2/25/2013,2.64,2.65,2.53,2.53,2.53,16946200
2/26/2013,2.54,2.55,2.44,2.46,2.46,17584400
2/27/2013,2.48,2.55,2.45,2.53,2.53,10653100
2/28/2013,2.56,2.57,2.48,2.49,2.49,11378900
3/1/2013,2.5,2.51,2.42,2.42,2.42,19689400
3/4/2013,2.44,2.45,2.36,2.4,2.4,14570000
3/5/2013,2.45,2.47,2.4,2.43,2.43,13958900
3/6/2013,2.45,2.46,2.4,2.43,2.43,10834600
3/7/2013,2.44,2.57,2.43,2.55,2.55,21089800
3/8/2013,2.57,2.64,2.52,2.56,2.56,11330600
3/11/2013,2.57,2.6,2.51,2.59,2.59,13393400
3/12/2013,2.59,2.63,2.57,2.61,2.61,9510100
3/13/2013,2.62,2.63,2.57,2.6,2.6,7482100
3/14/2013,2.62,2.63,2.58,2.63,2.63,9222000
3/15/2013,2.6,2.62,2.58,2.6,2.6,15805100
3/18/2013,2.59,2.68,2.55,2.65,2.65,12996000
3/19/2013,2.66,2.7,2.62,2.67,2.67,19316200
3/20/2013,2.7,2.75,2.69,2.75,2.75,13502800
3/21/2013,2.73,2.75,2.63,2.64,2.64,17021600
3/22/2013,2.66,2.67,2.53,2.54,2.54,18524100
3/25/2013,2.57,2.6,2.49,2.51,2.51,11266100
3/26/2013,2.52,2.54,2.5,2.54,2.54,6330300
3/27/2013,2.5,2.62,2.5,2.55,2.55,5902600
3/28/2013,2.55,2.57,2.52,2.55,2.55,4866900
4/1/2013,2.54,2.57,2.42,2.44,2.44,14464800
4/2/2013,2.45,2.45,2.38,2.39,2.39,11427400
4/3/2013,2.4,2.41,2.32,2.32,2.32,14485800
4/4/2013,2.34,2.37,2.32,2.33,2.33,11177500
4/5/2013,2.3,2.31,2.28,2.29,2.29,13725000
4/8/2013,2.31,2.61,2.26,2.59,2.59,44767800
4/9/2013,2.58,2.63,2.44,2.63,2.63,33886600
4/10/2013,2.65,2.66,2.57,2.61,2.61,20686300
4/11/2013,2.55,2.57,2.46,2.52,2.52,12946700
4/12/2013,2.5,2.5,2.43,2.48,2.48,10712600
4/15/2013,2.45,2.47,2.4,2.4,2.4,11522300
4/16/2013,2.43,2.44,2.4,2.44,2.44,10954300
4/17/2013,2.41,2.47,2.4,2.4,2.4,14829200
4/18/2013,2.4,2.56,2.29,2.51,2.51,27340500
4/19/2013,2.44,2.5,2.39,2.47,2.47,25040200
4/22/2013,2.47,2.51,2.43,2.46,2.46,14131700
4/23/2013,2.5,2.55,2.47,2.53,2.53,14550400
4/24/2013,2.54,2.62,2.52,2.61,2.61,16537800
4/25/2013,2.63,2.72,2.63,2.68,2.68,20971000
4/26/2013,2.66,2.68,2.6,2.64,2.64,17317200
4/29/2013,2.66,2.7,2.65,2.68,2.68,11220000
4/30/2013,2.68,2.82,2.67,2.82,2.82,32647200
5/1/2013,2.81,3.28,2.79,3.22,3.22,88006700
5/2/2013,3.16,3.48,3.14,3.41,3.41,74185900
5/3/2013,3.47,3.8,3.47,3.6,3.6,87328700
5/6/2013,3.72,3.75,3.53,3.61,3.61,51378200
5/7/2013,3.65,3.67,3.44,3.54,3.54,35339500
5/8/2013,3.54,3.85,3.47,3.83,3.83,57017200
5/9/2013,3.91,3.99,3.83,3.86,3.86,47232300
5/10/2013,3.79,3.97,3.79,3.95,3.95,30586600
5/13/2013,3.95,4.22,3.94,4.17,4.17,54889400
5/14/2013,4.31,4.32,4.18,4.26,4.26,53292800
5/15/2013,4.29,4.42,4.26,4.38,4.38,39347300
5/16/2013,3.9,3.94,3.66,3.83,3.83,80221500
5/17/2013,3.93,4.1,3.9,4.07,4.07,33952700
5/20/2013,4.18,4.2,4.07,4.1,4.1,35458600
5/21/2013,4.15,4.2,3.95,4.02,4.02,36560500
5/22/2013,4.08,4.1,3.91,3.96,3.96,28771500
5/23/2013,3.81,4.05,3.79,4.01,4.01,33152600
5/24/2013,4.03,4.06,3.97,4.05,4.05,20655600
5/28/2013,4.13,4.15,4.02,4.05,4.05,19603800
5/29/2013,4.01,4.05,3.96,3.98,3.98,16279300
5/30/2013,4,4.06,3.99,4.04,4.04,15229500
5/31/2013,4.07,4.11,3.99,4,4,17715000
6/3/2013,4.02,4.03,3.81,3.96,3.96,23938100
6/4/2013,3.95,4.04,3.94,4.01,4.01,19612600
6/5/2013,4.01,4.03,3.89,3.91,3.91,15404600
6/6/2013,3.87,3.94,3.81,3.94,3.94,20863700
6/7/2013,3.98,3.99,3.88,3.91,3.91,12026500
6/10/2013,3.95,4.08,3.92,4.06,4.06,32378100
6/11/2013,4,4.11,3.96,3.96,3.96,20201200
6/12/2013,4,4.03,3.9,3.9,3.9,14600100
6/13/2013,3.9,3.96,3.87,3.95,3.95,14192300
6/14/2013,3.98,4.04,3.91,3.94,3.94,14395600
6/17/2013,4.12,4.14,4.02,4.05,4.05,31973300
6/18/2013,4.1,4.11,4.05,4.09,4.09,22841700
6/19/2013,4.15,4.18,4.04,4.07,4.07,24193500
6/20/2013,4.02,4.03,3.86,3.87,3.87,26704000
6/21/2013,3.97,4.04,3.9,4,4,32752000
6/24/2013,4.07,4.09,3.99,4.05,4.05,29135600
6/25/2013,4.11,4.15,4.06,4.15,4.15,26642400
6/26/2013,4.2,4.21,4.12,4.14,4.14,19841200
6/27/2013,4.19,4.19,4.06,4.08,4.08,17426100
6/28/2013,4.08,4.12,4.02,4.08,4.08,13329600
7/1/2013,4.11,4.13,4.07,4.1,4.1,10712200
7/2/2013,4.09,4.12,3.95,3.97,3.97,17766600
7/3/2013,4,4.07,3.96,4.06,4.06,11315900
7/5/2013,4.08,4.1,4.03,4.07,4.07,8965400
7/8/2013,4.08,4.09,3.98,4,4,16930900
7/9/2013,4.02,4.08,4.01,4.05,4.05,9550900
7/10/2013,4.06,4.06,3.96,3.98,3.98,19122800
7/11/2013,4.22,4.45,4.16,4.45,4.45,106975700
7/12/2013,4.48,4.5,4.26,4.32,4.32,50286600
7/15/2013,4.34,4.4,4.31,4.4,4.4,21953700
7/16/2013,4.41,4.49,4.25,4.43,4.43,39716700
7/17/2013,4.44,4.45,4.33,4.38,4.38,17002100
7/18/2013,4.38,4.65,4.37,4.64,4.64,70347000
7/19/2013,3.99,4.08,3.85,4.03,4.03,151516000
7/22/2013,4.01,4.01,3.89,3.9,3.9,50010900
7/23/2013,3.88,3.88,3.64,3.66,3.66,76847700
7/24/2013,3.69,3.75,3.58,3.63,3.63,50913500
7/25/2013,3.64,3.74,3.6,3.7,3.7,29243400
7/26/2013,3.7,3.83,3.66,3.82,3.82,42575800
7/29/2013,3.87,3.89,3.75,3.75,3.75,32247500
7/30/2013,3.79,3.85,3.75,3.82,3.82,19611600
7/31/2013,3.85,3.9,3.77,3.77,3.77,34342100
8/1/2013,3.81,3.87,3.78,3.81,3.81,22276700
8/2/2013,3.8,3.84,3.77,3.8,3.8,13481100
8/5/2013,3.83,3.84,3.8,3.82,3.82,11734100
8/6/2013,3.81,3.82,3.71,3.72,3.72,19462800
8/7/2013,3.68,3.7,3.57,3.69,3.69,27553200
8/8/2013,3.71,3.73,3.61,3.71,3.71,16994400
8/9/2013,3.69,3.7,3.63,3.65,3.65,13656300
8/12/2013,3.62,3.72,3.61,3.65,3.65,10665300
8/13/2013,3.67,3.71,3.63,3.69,3.69,12387400
8/14/2013,3.68,3.83,3.65,3.82,3.82,32081500
8/15/2013,3.76,3.84,3.65,3.69,3.69,28245900
8/16/2013,3.69,3.71,3.65,3.66,3.66,11659600
8/19/2013,3.67,3.68,3.59,3.6,3.6,14414700
8/20/2013,3.62,3.69,3.59,3.63,3.63,16665100
8/21/2013,3.62,3.68,3.6,3.61,3.61,13992800
8/22/2013,3.63,3.65,3.6,3.63,3.63,10071400
8/23/2013,3.67,3.74,3.61,3.65,3.65,22498900
8/26/2013,3.65,3.66,3.58,3.58,3.58,22464000
8/27/2013,3.55,3.55,3.33,3.39,3.39,51647100
8/28/2013,3.35,3.49,3.33,3.42,3.42,19453800
8/29/2013,3.43,3.48,3.37,3.38,3.38,13448100
8/30/2013,3.38,3.41,3.25,3.27,3.27,31721500
9/3/2013,3.32,3.35,3.25,3.27,3.27,15543600
9/4/2013,3.28,3.34,3.25,3.31,3.31,29576000
9/5/2013,3.32,3.49,3.3,3.41,3.41,23102100
9/6/2013,3.54,3.6,3.43,3.57,3.57,35974800
9/9/2013,3.63,3.72,3.62,3.69,3.69,23646200
9/10/2013,3.78,3.87,3.77,3.87,3.87,33201100
9/11/2013,3.87,3.89,3.74,3.82,3.82,24009100
9/12/2013,3.76,3.8,3.69,3.75,3.75,28947700
9/13/2013,3.75,3.87,3.72,3.83,3.83,25331400
9/16/2013,3.9,3.9,3.79,3.82,3.82,30569700
9/17/2013,3.83,3.9,3.77,3.85,3.85,25590700
9/18/2013,3.85,3.95,3.83,3.93,3.93,24046300
9/19/2013,3.96,4,3.92,3.95,3.95,24274700
9/20/2013,3.91,3.96,3.79,3.83,3.83,94572300
9/23/2013,3.81,3.87,3.77,3.79,3.79,20920500
9/24/2013,3.79,3.89,3.75,3.8,3.8,21462700
9/25/2013,3.82,3.94,3.79,3.91,3.91,23559200
9/26/2013,3.94,3.98,3.88,3.89,3.89,17460300
9/27/2013,3.87,3.91,3.83,3.86,3.86,11436100
9/30/2013,3.79,3.86,3.75,3.81,3.81,16556900
10/1/2013,3.82,3.94,3.81,3.86,3.86,26056400
10/2/2013,3.83,3.94,3.82,3.9,3.9,18583300
10/3/2013,3.93,3.94,3.86,3.9,3.9,25498500
10/4/2013,3.91,3.95,3.89,3.91,3.91,17134400
10/7/2013,3.87,3.91,3.83,3.86,3.86,16734000
10/8/2013,3.87,3.89,3.68,3.72,3.72,35910400
10/9/2013,3.75,3.75,3.55,3.65,3.65,36053700
10/10/2013,3.72,3.8,3.72,3.79,3.79,24019400
10/11/2013,3.78,3.85,3.75,3.83,3.83,17384600
10/14/2013,3.87,4.05,3.85,3.97,3.97,63648400
10/15/2013,4.03,4.1,4.01,4.02,4.02,52027500
10/16/2013,4.1,4.1,4.03,4.09,4.09,34138300
10/17/2013,4.12,4.13,4.06,4.09,4.09,45838000
10/18/2013,3.56,3.66,3.51,3.53,3.53,108913700
10/21/2013,3.56,3.56,3.3,3.37,3.37,68891000
10/22/2013,3.32,3.34,3.12,3.18,3.18,92506500
10/23/2013,3.2,3.25,3.04,3.14,3.14,65948000
10/24/2013,3.21,3.3,3.16,3.23,3.23,43033200
10/25/2013,3.29,3.39,3.29,3.34,3.34,43346300
10/28/2013,3.38,3.39,3.32,3.32,3.32,23820500
10/29/2013,3.34,3.37,3.32,3.33,3.33,15816500
10/30/2013,3.35,3.36,3.3,3.3,3.3,16208000
10/31/2013,3.31,3.35,3.25,3.34,3.34,18062700
11/1/2013,3.37,3.37,3.3,3.31,3.31,14422000
11/4/2013,3.34,3.38,3.29,3.32,3.32,16749400
11/5/2013,3.32,3.35,3.29,3.33,3.33,14003100
11/6/2013,3.33,3.35,3.3,3.32,3.32,15065300
11/7/2013,3.33,3.33,3.23,3.28,3.28,18856200
11/8/2013,3.26,3.29,3.2,3.27,3.27,12072000
11/11/2013,3.29,3.34,3.25,3.34,3.34,12981500
11/12/2013,3.34,3.45,3.33,3.44,3.44,20185800
11/13/2013,3.5,3.55,3.46,3.54,3.54,28914000
11/14/2013,3.55,3.57,3.47,3.52,3.52,15123200
11/15/2013,3.53,3.53,3.48,3.5,3.5,11570800
11/18/2013,3.53,3.54,3.47,3.47,3.47,13170900
11/19/2013,3.46,3.48,3.36,3.42,3.42,20169800
11/20/2013,3.44,3.46,3.4,3.42,3.42,9937400
11/21/2013,3.43,3.44,3.35,3.37,3.37,13646200
11/22/2013,3.38,3.39,3.33,3.34,3.34,11315300
11/25/2013,3.36,3.4,3.34,3.39,3.39,11605400
11/26/2013,3.42,3.48,3.4,3.45,3.45,16989300
11/27/2013,3.48,3.58,3.46,3.56,3.56,19876400
11/29/2013,3.6,3.68,3.58,3.64,3.64,15448400
12/2/2013,3.65,3.7,3.56,3.66,3.66,24119700
12/3/2013,3.64,3.71,3.58,3.62,3.62,23323200
12/4/2013,3.57,3.63,3.48,3.57,3.57,21609700
12/5/2013,3.56,3.65,3.55,3.64,3.64,14465700
12/6/2013,3.67,3.7,3.63,3.66,3.66,15825300
12/9/2013,3.66,3.7,3.63,3.63,3.63,10470700
12/10/2013,3.63,3.78,3.6,3.72,3.72,29571500
12/11/2013,3.74,3.77,3.66,3.68,3.68,13436700
12/12/2013,3.68,3.75,3.65,3.69,3.69,10013900
12/13/2013,3.7,3.72,3.65,3.69,3.69,9074200
12/16/2013,3.64,3.66,3.51,3.59,3.59,22228600
12/17/2013,3.6,3.67,3.58,3.65,3.65,14836400
12/18/2013,3.64,3.67,3.6,3.65,3.65,12658100
12/19/2013,3.64,3.68,3.6,3.65,3.65,10419000
12/20/2013,3.64,3.7,3.64,3.69,3.69,12762700
12/23/2013,3.74,3.78,3.72,3.75,3.75,14531000
12/24/2013,3.77,3.8,3.75,3.77,3.77,5798900
12/26/2013,3.8,3.85,3.79,3.8,3.8,9887600
12/27/2013,3.82,3.83,3.76,3.78,3.78,8248800
12/30/2013,3.79,3.88,3.78,3.85,3.85,17519300
12/31/2013,3.87,3.88,3.83,3.87,3.87,12347800
1/2/2014,3.85,3.98,3.84,3.95,3.95,20548400
1/3/2014,3.98,4,3.88,4,4,22887200
1/6/2014,4.01,4.18,3.99,4.13,4.13,42398300
1/7/2014,4.19,4.25,4.11,4.18,4.18,42932100
1/8/2014,4.23,4.26,4.14,4.18,4.18,30678700
1/9/2014,4.2,4.23,4.05,4.09,4.09,30667600
1/10/2014,4.09,4.2,4.07,4.17,4.17,20840800
1/13/2014,4.19,4.2,4.09,4.13,4.13,22856100
1/14/2014,4.14,4.3,4.13,4.3,4.3,42434800
1/15/2014,4.34,4.6,4.32,4.47,4.47,66613100
1/16/2014,4.5,4.51,4.32,4.38,4.38,46975600
1/17/2014,4.15,4.35,4.11,4.18,4.18,45842700
1/21/2014,4.31,4.34,4.13,4.17,4.17,58702900
1/22/2014,3.79,3.82,3.66,3.67,3.67,86329500
1/23/2014,3.67,3.68,3.58,3.62,3.62,29844700
1/24/2014,3.6,3.61,3.41,3.47,3.47,48095800
1/27/2014,3.48,3.49,3.35,3.41,3.41,31332300
1/28/2014,3.43,3.57,3.41,3.54,3.54,27962600
1/29/2014,3.52,3.56,3.45,3.48,3.48,21765000
1/30/2014,3.51,3.52,3.45,3.48,3.48,17111700
1/31/2014,3.45,3.47,3.43,3.43,3.43,13602100
2/3/2014,3.43,3.44,3.33,3.33,3.33,22280200
2/4/2014,3.35,3.43,3.3,3.37,3.37,22681000
2/5/2014,3.36,3.37,3.29,3.31,3.31,14858900
2/6/2014,3.32,3.46,3.32,3.41,3.41,16072900
2/7/2014,3.46,3.5,3.42,3.47,3.47,23119700
2/10/2014,3.5,3.64,3.45,3.63,3.63,21241100
2/11/2014,3.66,3.75,3.65,3.7,3.7,34198100
2/12/2014,3.71,3.73,3.63,3.69,3.69,18321300
2/13/2014,3.64,3.71,3.64,3.7,3.7,13368600
2/14/2014,3.7,3.72,3.64,3.69,3.69,12387900
2/18/2014,3.69,3.72,3.65,3.7,3.7,11956700
2/19/2014,3.7,3.74,3.68,3.72,3.72,14175500
2/20/2014,3.72,3.75,3.66,3.69,3.69,13276100
2/21/2014,3.71,3.75,3.66,3.69,3.69,13606800
2/24/2014,3.71,3.73,3.7,3.71,3.71,10717900
2/25/2014,3.73,3.74,3.66,3.69,3.69,9173500
2/26/2014,3.7,3.72,3.63,3.7,3.7,13211700
2/27/2014,3.69,3.77,3.68,3.71,3.71,18218000
2/28/2014,3.73,3.77,3.7,3.71,3.71,14643200
3/3/2014,3.66,3.7,3.6,3.67,3.67,19555800
3/4/2014,3.7,3.73,3.68,3.7,3.7,10516100
3/5/2014,3.7,3.73,3.69,3.71,3.71,10740200
3/6/2014,3.72,3.75,3.71,3.73,3.73,10713000
3/7/2014,3.75,4.02,3.75,3.95,3.95,55435800
3/10/2014,4.04,4.06,3.8,3.81,3.81,42135800
3/11/2014,3.86,4.01,3.83,3.85,3.85,34951400
3/12/2014,3.86,3.93,3.85,3.91,3.91,14700500
3/13/2014,3.94,3.99,3.84,3.86,3.86,19803000
3/14/2014,3.84,3.9,3.82,3.85,3.85,18161500
3/17/2014,3.88,3.91,3.78,3.8,3.8,20004100
3/18/2014,3.82,3.91,3.81,3.89,3.89,15273700
3/19/2014,3.91,4,3.9,3.98,3.98,28516900
3/20/2014,3.96,4.05,3.9,4.05,4.05,23600600
3/21/2014,4.07,4.14,4.01,4.04,4.04,23871200
3/24/2014,4.05,4.14,3.98,4.05,4.05,20669500
3/25/2014,4.09,4.12,4.02,4.05,4.05,14517000
3/26/2014,4.08,4.1,4.02,4.05,4.05,14799700
3/27/2014,3.99,4.07,3.87,3.91,3.91,24532000
3/28/2014,3.93,3.97,3.87,3.88,3.88,13189200
3/31/2014,3.93,4.02,3.9,4.01,4.01,15386000
4/1/2014,4.04,4.1,4.02,4.07,4.07,18778800
4/2/2014,4.12,4.12,4.06,4.06,4.06,14839500
4/3/2014,4.07,4.1,3.97,4,4,16802300
4/4/2014,4.03,4.11,3.92,4.01,4.01,23427000
4/7/2014,3.98,3.99,3.83,3.88,3.88,24874600
4/8/2014,3.89,4,3.83,3.99,3.99,17339100
4/9/2014,4.01,4.02,3.95,3.98,3.98,11270300
4/10/2014,3.97,4.01,3.84,3.85,3.85,21364300
4/11/2014,3.82,3.85,3.65,3.65,3.65,34428800
4/14/2014,3.72,3.78,3.65,3.71,3.71,22735100
4/15/2014,3.74,3.82,3.72,3.79,3.79,21754300
4/16/2014,3.81,3.83,3.73,3.76,3.76,18173300
4/17/2014,3.78,3.8,3.69,3.69,3.69,32048100
4/21/2014,4.01,4.2,3.96,4.12,4.12,102651500
4/22/2014,4.13,4.31,4.11,4.3,4.3,52806800
4/23/2014,4.28,4.3,4.16,4.25,4.25,29136300
4/24/2014,4.27,4.35,4.2,4.28,4.28,27532800
4/25/2014,4.22,4.26,4.04,4.05,4.05,37810200
4/28/2014,4.09,4.12,3.87,3.96,3.96,31737100
4/29/2014,4.02,4.03,3.96,4.03,4.03,14582900
4/30/2014,4,4.1,3.99,4.09,4.09,18419200
5/1/2014,4.13,4.24,4.1,4.2,4.2,37807300
5/2/2014,4.17,4.2,4.1,4.12,4.12,14479700
5/5/2014,4.1,4.14,4.06,4.09,4.09,9015400
5/6/2014,4.06,4.13,3.98,4.01,4.01,17929300
5/7/2014,4.04,4.04,3.89,3.97,3.97,22374700
5/8/2014,3.95,4.03,3.91,3.93,3.93,14550200
5/9/2014,3.91,3.93,3.85,3.87,3.87,15982900
5/12/2014,3.87,4,3.86,3.97,3.97,14785500
5/13/2014,3.99,4.09,3.98,4.03,4.03,11224000
5/14/2014,4.03,4.06,3.98,3.98,3.98,10349600
5/15/2014,3.96,3.98,3.89,3.96,3.96,18000900
5/16/2014,3.95,4.05,3.91,4.02,4.02,17166600
5/19/2014,4,4.1,3.96,4.09,4.09,18171000
5/20/2014,4.09,4.11,4,4.05,4.05,15647500
5/21/2014,4.06,4.1,4.05,4.1,4.1,13369500
5/22/2014,4.09,4.09,4.01,4.01,4.01,11903100
5/23/2014,4.03,4.06,3.97,4.02,4.02,9831100
5/27/2014,4.05,4.06,4.03,4.04,4.04,6922800
5/28/2014,4.04,4.06,3.99,4,4,12293800
5/29/2014,4.02,4.06,4.01,4.03,4.03,8876700
5/30/2014,4.02,4.03,3.98,4,4,10030600
6/2/2014,4.03,4.03,3.94,3.97,3.97,10859500
6/3/2014,3.96,3.98,3.92,3.94,3.94,10858800
6/4/2014,3.93,4.05,3.93,4.04,4.04,13286000
6/5/2014,4.04,4.09,4.02,4.08,4.08,13723800
6/6/2014,4.09,4.11,4.06,4.06,4.06,8466000
6/9/2014,4.05,4.1,4.04,4.07,4.07,7597200
6/10/2014,4.1,4.23,4.1,4.2,4.2,28322100
6/11/2014,4.18,4.3,4.17,4.29,4.29,20596200
6/12/2014,4.33,4.44,4.28,4.29,4.29,26709500
6/13/2014,4.36,4.39,4.24,4.28,4.28,17734600
6/16/2014,4.26,4.44,4.26,4.44,4.44,26192800
6/17/2014,4.41,4.5,4.41,4.47,4.47,19445000
6/18/2014,4.5,4.5,4.35,4.4,4.4,14702400
6/19/2014,4.42,4.45,4.33,4.36,4.36,10880500
6/20/2014,4.34,4.37,4.07,4.1,4.1,54721600
6/23/2014,4.06,4.08,3.9,4.01,4.01,49634100
6/24/2014,4.01,4.07,3.93,3.94,3.94,20402400
6/25/2014,3.95,4,3.94,3.96,3.96,13844700
6/26/2014,3.95,4.09,3.94,4.03,4.03,21640500
6/27/2014,4.06,4.11,4.04,4.11,4.11,16034600
6/30/2014,4.12,4.25,4.08,4.19,4.19,25850200
7/1/2014,4.21,4.26,4.17,4.22,4.22,29412600
7/2/2014,4.23,4.35,4.22,4.34,4.34,20486500
7/3/2014,4.36,4.4,4.14,4.24,4.24,22521700
7/7/2014,4.23,4.31,4.21,4.26,4.26,21165500
7/8/2014,4.25,4.3,4.1,4.22,4.22,41685800
7/9/2014,4.21,4.29,4.2,4.23,4.23,18462200
7/10/2014,4.18,4.36,4.14,4.29,4.29,39245000
7/11/2014,4.3,4.4,4.29,4.37,4.37,22425600
7/14/2014,4.44,4.65,4.39,4.64,4.64,73046000
7/15/2014,4.63,4.8,4.41,4.53,4.53,156113700
7/16/2014,4.6,4.77,4.57,4.66,4.66,61848100
7/17/2014,4.66,4.68,4.5,4.57,4.57,51309800
7/18/2014,3.73,3.84,3.67,3.83,3.83,137577700
7/21/2014,3.86,3.87,3.75,3.78,3.78,34219100
7/22/2014,3.82,3.86,3.78,3.8,3.8,34004800
7/23/2014,3.82,3.83,3.75,3.76,3.76,31748200
7/24/2014,3.75,3.8,3.71,3.73,3.73,27967600
7/25/2014,3.73,3.79,3.69,3.76,3.76,31793700
7/28/2014,3.77,3.78,3.68,3.73,3.73,31443400
7/29/2014,3.74,3.84,3.73,3.79,3.79,36157400
7/30/2014,3.82,3.88,3.77,3.82,3.82,42981200
7/31/2014,3.8,3.99,3.78,3.91,3.91,112162900
8/1/2014,3.91,4.01,3.87,3.97,3.97,33710000
8/4/2014,3.97,4.02,3.93,4,4,21493200
8/5/2014,3.99,4.11,3.97,4.08,4.08,40330600
8/6/2014,4.06,4.14,4.03,4.12,4.12,16271200
8/7/2014,4.14,4.2,4.07,4.1,4.1,32712300
8/8/2014,4.1,4.15,4.05,4.12,4.12,27166900
8/11/2014,4.03,4.19,3.99,4.14,4.14,29560500
8/12/2014,4.12,4.14,4.08,4.08,4.08,27369900
8/13/2014,4.08,4.15,4.03,4.11,4.11,30396800
8/14/2014,4.1,4.17,4.08,4.08,4.08,26148100
8/15/2014,4.12,4.14,4.07,4.13,4.13,33349200
8/18/2014,4.14,4.22,4.14,4.21,4.21,45381300
8/19/2014,4.2,4.3,4.2,4.27,4.27,23222100
8/20/2014,4.25,4.32,4.22,4.28,4.28,11986600
8/21/2014,4.29,4.29,4.21,4.24,4.24,11939800
8/22/2014,4.22,4.28,4.21,4.25,4.25,8364700
8/25/2014,4.27,4.27,4.18,4.18,4.18,8998200
8/26/2014,4.17,4.22,4.13,4.19,4.19,9183900
8/27/2014,4.2,4.21,4.15,4.16,4.16,7304400
8/28/2014,4.14,4.19,4.07,4.14,4.14,10331400
8/29/2014,4.15,4.19,4.14,4.17,4.17,7347200
9/2/2014,4.16,4.25,4.15,4.16,4.16,12603300
9/3/2014,4.17,4.23,4.17,4.19,4.19,9600600
9/4/2014,4.18,4.25,4.15,4.15,4.15,12791400
9/5/2014,4.17,4.19,4.15,4.15,4.15,6630200
9/8/2014,4.13,4.18,4.1,4.13,4.13,8396200
9/9/2014,4.15,4.16,4.08,4.08,4.08,8964800
9/10/2014,4.08,4.11,4.01,4.08,4.08,13276800
9/11/2014,4.03,4.08,4.02,4.08,4.08,8086800
9/12/2014,4.06,4.11,3.96,3.96,3.96,14123900
9/15/2014,3.98,4.02,3.9,3.91,3.91,18257000
9/16/2014,3.89,3.9,3.8,3.81,3.81,40156400
9/17/2014,3.82,3.88,3.8,3.82,3.82,24894600
9/18/2014,3.88,3.94,3.7,3.88,3.88,16141400
9/19/2014,3.93,3.94,3.81,3.81,3.81,23030000
9/22/2014,3.81,3.83,3.75,3.76,3.76,14201400
9/23/2014,3.76,3.79,3.69,3.69,3.69,16282500
9/24/2014,3.71,3.75,3.69,3.7,3.7,11792600
9/25/2014,3.7,3.72,3.6,3.63,3.63,17556500
9/26/2014,3.63,3.67,3.6,3.6,3.6,12976300
9/29/2014,3.56,3.66,3.54,3.55,3.55,26857600
9/30/2014,3.56,3.58,3.4,3.41,3.41,55952200
10/1/2014,3.39,3.42,3.3,3.35,3.35,33645900
10/2/2014,3.37,3.44,3.28,3.39,3.39,27904500
10/3/2014,3.43,3.46,3.37,3.4,3.4,16797000
10/6/2014,3.42,3.44,3.3,3.36,3.36,17864800
10/7/2014,3.35,3.38,3.28,3.28,3.28,17720600
10/8/2014,3.3,3.31,3.18,3.28,3.28,28000000
10/9/2014,3.03,3.2,2.94,2.95,2.95,69528900
10/10/2014,2.95,2.95,2.71,2.72,2.72,41062500
10/13/2014,2.78,2.85,2.73,2.74,2.74,38269400
10/14/2014,2.61,2.75,2.6,2.62,2.62,39964200
10/15/2014,2.62,2.71,2.54,2.61,2.61,36924600
10/16/2014,2.56,2.72,2.54,2.64,2.64,38795400
10/17/2014,2.67,2.86,2.66,2.72,2.72,75956600
10/20/2014,2.79,2.8,2.6,2.67,2.67,28711000
10/21/2014,2.7,2.78,2.68,2.77,2.77,24033800
10/22/2014,2.79,2.8,2.64,2.64,2.64,23034800
10/23/2014,2.68,2.71,2.65,2.69,2.69,23731000
10/24/2014,2.69,2.73,2.67,2.68,2.68,11945800
10/27/2014,2.68,2.71,2.65,2.66,2.66,13307500
10/28/2014,2.69,2.77,2.67,2.72,2.72,22878300
10/29/2014,2.75,2.81,2.73,2.77,2.77,15600900
10/30/2014,2.79,2.79,2.7,2.75,2.75,13026100
10/31/2014,2.79,2.83,2.75,2.8,2.8,14704800
11/3/2014,2.81,2.9,2.81,2.87,2.87,11733600
11/4/2014,2.9,2.91,2.75,2.83,2.83,12524300
11/5/2014,2.85,2.87,2.77,2.8,2.8,9635100
11/6/2014,2.78,2.8,2.75,2.76,2.76,8932900
11/7/2014,2.77,2.8,2.76,2.78,2.78,7293800
11/10/2014,2.78,2.81,2.75,2.76,2.76,12593100
11/11/2014,2.78,2.79,2.72,2.73,2.73,8113500
11/12/2014,2.73,2.75,2.65,2.71,2.71,15875400
11/13/2014,2.71,2.74,2.65,2.66,2.66,10915400
11/14/2014,2.68,2.7,2.61,2.61,2.61,12373000
11/17/2014,2.62,2.69,2.61,2.67,2.67,12593800
11/18/2014,2.69,2.73,2.63,2.65,2.65,14967800
11/19/2014,2.68,2.68,2.61,2.63,2.63,10323300
11/20/2014,2.6,2.72,2.59,2.69,2.69,15043900
11/21/2014,2.72,2.77,2.71,2.77,2.77,11311600
11/24/2014,2.8,2.85,2.8,2.83,2.83,12293900
11/25/2014,2.84,2.86,2.76,2.83,2.83,11073600
11/26/2014,2.81,2.84,2.8,2.84,2.84,10553500
11/28/2014,2.85,2.85,2.77,2.79,2.79,5665000
12/1/2014,2.77,2.79,2.64,2.67,2.67,16025100
12/2/2014,2.69,2.71,2.61,2.68,2.68,12438800
12/3/2014,2.71,2.82,2.69,2.74,2.74,18256500
12/4/2014,2.75,2.75,2.66,2.69,2.69,14513400
12/5/2014,2.69,2.7,2.66,2.66,2.66,9479300
12/8/2014,2.65,2.68,2.52,2.58,2.58,25402100
12/9/2014,2.55,2.59,2.49,2.59,2.59,22914800
12/10/2014,2.58,2.58,2.46,2.48,2.48,17690100
12/11/2014,2.51,2.54,2.46,2.49,2.49,10151600
12/12/2014,2.46,2.55,2.35,2.52,2.52,21211600
12/15/2014,2.52,2.6,2.46,2.47,2.47,19636400
12/16/2014,2.44,2.53,2.42,2.5,2.5,17051600
12/17/2014,2.5,2.57,2.46,2.55,2.55,12521300
12/18/2014,2.58,2.59,2.54,2.55,2.55,12423900
12/19/2014,2.53,2.57,2.51,2.57,2.57,14701500
12/22/2014,2.55,2.68,2.52,2.66,2.66,15044900
12/23/2014,2.69,2.72,2.66,2.67,2.67,8274400
12/24/2014,2.63,2.7,2.63,2.65,2.65,4624000
12/26/2014,2.65,2.69,2.65,2.65,2.65,4029600
12/29/2014,2.64,2.66,2.63,2.66,2.66,8527000
12/30/2014,2.64,2.7,2.63,2.63,2.63,7783700
12/31/2014,2.64,2.7,2.64,2.67,2.67,11177900
1/2/2015,2.67,2.67,2.67,2.67,2.67,0
1/5/2015,2.67,2.7,2.64,2.66,2.66,8878200
1/6/2015,2.65,2.66,2.55,2.63,2.63,13912500
1/7/2015,2.63,2.65,2.54,2.58,2.58,12377600
1/8/2015,2.59,2.65,2.56,2.61,2.61,11136600
1/9/2015,2.63,2.64,2.58,2.63,2.63,8907600
1/12/2015,2.62,2.64,2.55,2.63,2.63,9979600
1/13/2015,2.64,2.68,2.6,2.66,2.66,17907400
1/14/2015,2.6,2.66,2.58,2.63,2.63,9989900
1/15/2015,2.62,2.65,2.49,2.52,2.52,17744000
1/16/2015,2.52,2.53,2.39,2.39,2.39,30192400
1/20/2015,2.39,2.43,2.19,2.24,2.24,56389300
1/21/2015,2.18,2.45,2.14,2.45,2.45,46530800
1/22/2015,2.42,2.5,2.37,2.47,2.47,36169600
1/23/2015,2.48,2.5,2.43,2.45,2.45,11100700
1/26/2015,2.44,2.64,2.44,2.61,2.61,36571300
1/27/2015,2.58,2.84,2.56,2.7,2.7,51805800
1/28/2015,2.71,2.75,2.6,2.63,2.63,24786200
1/29/2015,2.63,2.69,2.51,2.61,2.61,17789200
1/30/2015,2.56,2.6,2.51,2.57,2.57,12908200
2/2/2015,2.69,2.75,2.65,2.67,2.67,25688700
2/3/2015,2.7,2.8,2.68,2.76,2.76,22585300
2/4/2015,2.78,2.92,2.76,2.85,2.85,34829300
2/5/2015,2.88,3.37,2.87,3.31,3.31,73355600
2/6/2015,3.2,3.21,3,3.03,3.03,38110700
2/9/2015,3.03,3.07,2.93,3.04,3.04,24133800
2/10/2015,3.07,3.1,3.01,3.04,3.04,13995100
2/11/2015,3.03,3.1,3,3.07,3.07,11741100
2/12/2015,3.08,3.15,3.05,3.12,3.12,12975000
2/13/2015,3.13,3.18,3.11,3.15,3.15,9627600
2/17/2015,3.16,3.17,3.08,3.11,3.11,8678100
2/18/2015,3.11,3.14,3.06,3.08,3.08,7273900
2/19/2015,3.06,3.08,3.01,3.06,3.06,6573600
2/20/2015,3.03,3.13,3.02,3.06,3.06,10666700
2/23/2015,3.05,3.1,3.03,3.06,3.06,6323500
2/24/2015,3.06,3.12,3.02,3.11,3.11,10899400
2/25/2015,3.08,3.14,3.06,3.1,3.1,6151300
2/26/2015,3.1,3.13,3.06,3.08,3.08,8680900
2/27/2015,3.07,3.12,3.07,3.11,3.11,7150200
3/2/2015,3.13,3.23,3.11,3.21,3.21,15638100
3/3/2015,3.2,3.23,3.13,3.14,3.14,8644000
3/4/2015,3.14,3.14,3.01,3.05,3.05,12112800
3/5/2015,3.1,3.1,2.98,2.98,2.98,11472300
3/6/2015,2.96,2.99,2.83,2.92,2.92,16785200
3/9/2015,2.92,2.98,2.9,2.93,2.93,12405900
3/10/2015,2.97,2.98,2.92,2.92,2.92,10263800
3/11/2015,2.92,2.95,2.8,2.84,2.84,11772800
3/12/2015,2.76,2.79,2.72,2.76,2.76,13847200
3/13/2015,2.74,2.78,2.71,2.75,2.75,8098100
3/16/2015,2.75,2.81,2.75,2.76,2.76,6132900
3/17/2015,2.75,2.8,2.74,2.77,2.77,7739900
3/18/2015,2.77,2.82,2.72,2.75,2.75,11372000
3/19/2015,2.76,2.78,2.73,2.74,2.74,8819400
3/20/2015,2.76,2.8,2.74,2.8,2.8,10764800
3/23/2015,2.81,2.85,2.8,2.84,2.84,7403800
3/24/2015,2.85,2.85,2.76,2.79,2.79,8724500
3/25/2015,2.78,2.79,2.56,2.63,2.63,26985300
3/26/2015,2.59,2.7,2.53,2.65,2.65,28286300
3/27/2015,2.7,2.8,2.63,2.72,2.72,16810200
3/30/2015,2.73,2.76,2.66,2.7,2.7,8557500
3/31/2015,2.66,2.7,2.65,2.68,2.68,7025000
4/1/2015,2.66,2.75,2.65,2.69,2.69,11196400
4/2/2015,2.66,2.7,2.65,2.69,2.69,7047600
4/6/2015,2.68,2.73,2.68,2.7,2.7,8178500
4/7/2015,2.7,2.74,2.69,2.7,2.7,5738100
4/8/2015,2.68,2.74,2.68,2.71,2.71,4349000
4/9/2015,2.69,2.75,2.69,2.72,2.72,7127600
4/10/2015,2.74,2.78,2.73,2.76,2.76,6184800
4/13/2015,2.76,2.8,2.73,2.78,2.78,8391500
4/14/2015,2.77,2.79,2.65,2.67,2.67,13338800
4/15/2015,2.7,2.74,2.65,2.7,2.7,15281400
4/16/2015,2.72,2.94,2.7,2.87,2.87,28617300
4/17/2015,2.54,2.58,2.45,2.58,2.58,53185300
4/20/2015,2.56,2.57,2.45,2.49,2.49,29126000
4/21/2015,2.53,2.53,2.35,2.35,2.35,31279400
4/22/2015,2.35,2.36,2.25,2.28,2.28,27634900
4/23/2015,2.28,2.36,2.26,2.33,2.33,15130400
4/24/2015,2.36,2.38,2.3,2.3,2.3,15001200
4/27/2015,2.3,2.36,2.29,2.34,2.34,13486900
4/28/2015,2.36,2.37,2.31,2.31,2.31,11448700
4/29/2015,2.3,2.33,2.27,2.28,2.28,11870200
4/30/2015,2.28,2.31,2.26,2.26,2.26,11465300
5/1/2015,2.26,2.31,2.25,2.31,2.31,11662800
5/4/2015,2.31,2.36,2.3,2.31,2.31,9670100
5/5/2015,2.34,2.34,2.25,2.28,2.28,12371600
5/6/2015,2.29,2.31,2.24,2.29,2.29,18492100
5/7/2015,2.32,2.32,2.26,2.32,2.32,15015600
5/8/2015,2.33,2.36,2.3,2.31,2.31,9758800
5/11/2015,2.31,2.35,2.31,2.32,2.32,10046900
5/12/2015,2.32,2.35,2.3,2.35,2.35,10017500
5/13/2015,2.36,2.38,2.35,2.37,2.37,7575900
5/14/2015,2.38,2.39,2.33,2.33,2.33,8865100
5/15/2015,2.33,2.38,2.32,2.32,2.32,8054800
5/18/2015,2.35,2.36,2.33,2.35,2.35,4671500
5/19/2015,2.36,2.37,2.28,2.28,2.28,9588400
5/20/2015,2.3,2.33,2.28,2.32,2.32,6947700
5/21/2015,2.31,2.35,2.28,2.28,2.28,7127700
5/22/2015,2.3,2.31,2.27,2.28,2.28,12845400
5/26/2015,2.27,2.28,2.22,2.22,2.22,10007800
5/27/2015,2.24,2.28,2.2,2.28,2.28,17511000
5/28/2015,2.28,2.33,2.27,2.27,2.27,12354600
5/29/2015,2.27,2.32,2.25,2.28,2.28,7726200
6/1/2015,2.29,2.3,2.25,2.25,2.25,6803700
6/2/2015,2.26,2.3,2.25,2.3,2.3,7101100
6/3/2015,2.3,2.32,2.28,2.28,2.28,8062300
6/4/2015,2.28,2.33,2.26,2.33,2.33,11575800
6/5/2015,2.31,2.34,2.29,2.33,2.33,7349700
6/8/2015,2.31,2.33,2.29,2.31,2.31,6207600
6/9/2015,2.35,2.36,2.28,2.29,2.29,12282700
6/10/2015,2.31,2.35,2.3,2.32,2.32,8161200
6/11/2015,2.34,2.35,2.31,2.32,2.32,7671000
6/12/2015,2.31,2.33,2.3,2.31,2.31,4557600
6/15/2015,2.32,2.35,2.29,2.32,2.32,8627800
6/16/2015,2.32,2.37,2.32,2.35,2.35,9795000
6/17/2015,2.37,2.54,2.35,2.47,2.47,27497900
6/18/2015,2.5,2.59,2.48,2.52,2.52,25400200
6/19/2015,2.53,2.59,2.46,2.58,2.58,25551700
6/22/2015,2.61,2.67,2.58,2.62,2.62,19410100
6/23/2015,2.62,2.64,2.55,2.61,2.61,17919600
6/24/2015,2.6,2.66,2.57,2.62,2.62,17516700
6/25/2015,2.62,2.66,2.57,2.58,2.58,18360200
6/26/2015,2.54,2.55,2.37,2.47,2.47,97054200
6/29/2015,2.41,2.42,2.31,2.34,2.34,22971500
6/30/2015,2.43,2.43,2.35,2.4,2.4,19381300
7/1/2015,2.47,2.48,2.36,2.42,2.42,19375000
7/2/2015,2.43,2.63,2.39,2.53,2.53,31185900
7/6/2015,2.46,2.54,2.44,2.47,2.47,20349400
7/7/2015,2.04,2.14,2.02,2.09,2.09,46418700
7/8/2015,2.07,2.07,2.01,2.01,2.01,15302900
7/9/2015,2.04,2.06,1.93,1.98,1.98,23378200
7/10/2015,2,2.03,1.95,1.96,1.96,17520800
7/13/2015,1.97,1.99,1.95,1.96,1.96,9080900
7/14/2015,2.03,2.06,1.97,2.05,2.05,15812300
7/15/2015,2.07,2.09,1.95,1.96,1.96,13517800
7/16/2015,1.97,2,1.87,1.87,1.87,20653300
7/17/2015,1.87,1.9,1.74,1.79,1.79,28127100
7/20/2015,1.82,1.84,1.77,1.8,1.8,12142400
7/21/2015,1.82,1.83,1.78,1.8,1.8,15034500
7/22/2015,1.8,1.81,1.76,1.79,1.79,16043400
7/23/2015,1.8,1.81,1.75,1.76,1.76,10641900
7/24/2015,1.76,1.77,1.65,1.67,1.67,16478400
7/27/2015,1.67,1.7,1.61,1.62,1.62,11916500
7/28/2015,1.62,1.77,1.62,1.77,1.77,14614600
7/29/2015,1.77,1.99,1.76,1.96,1.96,25582200
7/30/2015,1.94,1.99,1.88,1.93,1.93,15837400
7/31/2015,1.94,1.99,1.92,1.93,1.93,7733700
8/3/2015,1.93,2.2,1.9,2.2,2.2,26218200
8/4/2015,2.18,2.18,2.05,2.13,2.13,14328400
8/5/2015,2.11,2.21,2.1,2.16,2.16,13236000
8/6/2015,2.15,2.17,2.1,2.11,2.11,9475000
8/7/2015,2.1,2.14,2.06,2.09,2.09,7680800
8/10/2015,1.92,1.98,1.82,1.93,1.93,29926200
8/11/2015,1.91,1.93,1.88,1.9,1.9,7453700
8/12/2015,1.88,1.93,1.84,1.9,1.9,8521200
8/13/2015,1.9,1.91,1.79,1.79,1.79,7839700
8/14/2015,1.8,1.85,1.79,1.84,1.84,6182100
8/17/2015,1.82,1.88,1.8,1.8,1.8,9062400
8/18/2015,1.79,1.82,1.75,1.8,1.8,9751900
8/19/2015,1.8,1.81,1.76,1.8,1.8,7441200
8/20/2015,1.79,1.8,1.7,1.7,1.7,13745700
8/21/2015,1.68,1.8,1.68,1.78,1.78,12529500
8/24/2015,1.69,1.83,1.65,1.75,1.75,17217400
8/25/2015,1.82,1.82,1.66,1.66,1.66,12097700
8/26/2015,1.69,1.73,1.66,1.72,1.72,10715300
8/27/2015,1.74,1.84,1.74,1.78,1.78,11839300
8/28/2015,1.75,1.87,1.75,1.85,1.85,10924600
8/31/2015,1.82,1.87,1.79,1.81,1.81,6503500
9/1/2015,1.77,1.82,1.71,1.71,1.71,8470700
9/2/2015,1.75,1.77,1.72,1.77,1.77,6306100
9/3/2015,1.76,1.85,1.76,1.79,1.79,7154200
9/4/2015,1.76,1.84,1.76,1.82,1.82,6725300
9/8/2015,1.85,1.88,1.83,1.88,1.88,6009500
9/9/2015,1.9,1.97,1.83,1.85,1.85,12547100
9/10/2015,1.84,1.88,1.83,1.84,1.84,4290400
9/11/2015,1.88,2.14,1.81,2.01,2.01,31010300
9/14/2015,2,2,1.81,1.82,1.82,16458500
9/15/2015,1.84,1.87,1.81,1.86,1.86,6519400
9/16/2015,1.87,1.9,1.85,1.89,1.89,4928300
9/17/2015,1.9,1.94,1.87,1.89,1.89,5831600
9/18/2015,1.87,1.92,1.85,1.87,1.87,11713900
9/21/2015,1.87,1.9,1.81,1.81,1.81,5377800
9/22/2015,1.8,1.84,1.72,1.73,1.73,9975200
9/23/2015,1.76,1.78,1.69,1.7,1.7,9649200
9/24/2015,1.68,1.73,1.66,1.72,1.72,11247700
9/25/2015,1.75,1.75,1.68,1.71,1.71,5644600
9/28/2015,1.69,1.7,1.66,1.66,1.66,5693100
9/29/2015,1.67,1.69,1.65,1.67,1.67,7005300
9/30/2015,1.7,1.72,1.68,1.72,1.72,5708000
10/1/2015,1.77,1.77,1.72,1.74,1.74,5531700
10/2/2015,1.76,1.83,1.72,1.83,1.83,7146100
10/5/2015,1.82,1.87,1.77,1.8,1.8,7595600
10/6/2015,1.8,1.86,1.8,1.83,1.83,8558400
10/7/2015,1.82,1.87,1.82,1.86,1.86,7859200
10/8/2015,1.87,1.95,1.85,1.93,1.93,9198700
10/9/2015,1.92,1.96,1.89,1.96,1.96,8629100
10/12/2015,1.96,1.96,1.85,1.87,1.87,7686600
10/13/2015,1.87,1.94,1.86,1.92,1.92,6698400
10/14/2015,1.92,1.96,1.92,1.95,1.95,10184300
10/15/2015,1.97,2.06,1.95,1.97,1.97,27327100
10/16/2015,2,2,1.89,1.94,1.94,21544900
10/19/2015,1.91,2.01,1.91,2.01,2.01,10670800
10/20/2015,2,2.03,1.97,2.02,2.02,5542900
10/21/2015,2.02,2.12,2.01,2.1,2.1,14944100
10/22/2015,2.1,2.16,2.09,2.14,2.14,8208400
10/23/2015,2.1,2.21,2.1,2.21,2.21,9564200
10/26/2015,2.21,2.21,2.12,2.15,2.15,6313500
10/27/2015,2.12,2.16,2.1,2.15,2.15,5755600
10/28/2015,2.14,2.2,2.12,2.18,2.18,6950600
10/29/2015,2.15,2.18,2.11,2.13,2.13,4474400
10/30/2015,2.14,2.15,2.12,2.12,2.12,4897100
11/2/2015,2.13,2.19,2.11,2.19,2.19,5858700
11/3/2015,2.16,2.29,2.16,2.28,2.28,8705800
11/4/2015,2.27,2.3,2.18,2.2,2.2,8214600
11/5/2015,2.21,2.24,2.17,2.2,2.2,4302200
11/6/2015,2.19,2.21,2.13,2.15,2.15,8997100
11/9/2015,2.15,2.18,2.1,2.11,2.11,6231200
11/10/2015,2.09,2.1,2.02,2.02,2.02,6162200
11/11/2015,2.02,2.09,2.02,2.07,2.07,3532100
11/12/2015,2.05,2.07,2,2,2,3576800
11/13/2015,1.99,2.04,1.94,1.99,1.99,5920200
11/16/2015,1.99,2.02,1.95,1.99,1.99,4149700
11/17/2015,2.01,2.04,1.97,1.98,1.98,5825100
11/18/2015,1.99,2.15,1.98,2.12,2.12,9384700
11/19/2015,2.1,2.16,2.09,2.14,2.14,4704300
11/20/2015,2.14,2.25,2.13,2.22,2.22,10727100
11/23/2015,2.22,2.24,2.18,2.22,2.22,4863200
11/24/2015,2.2,2.4,2.17,2.34,2.34,15859700
11/25/2015,2.36,2.4,2.31,2.38,2.38,6914800
11/27/2015,2.37,2.38,2.32,2.33,2.33,2606600
11/30/2015,2.34,2.37,2.25,2.36,2.36,9924400
12/1/2015,2.36,2.37,2.31,2.34,2.34,5646400
12/2/2015,2.31,2.34,2.23,2.27,2.27,7501700
12/3/2015,2.25,2.31,2.2,2.23,2.23,7059900
12/4/2015,2.23,2.29,2.21,2.28,2.28,4572600
12/7/2015,2.26,2.36,2.21,2.36,2.36,8479600
12/8/2015,2.34,2.4,2.25,2.39,2.39,9055500
12/9/2015,2.37,2.4,2.32,2.35,2.35,8710000
12/10/2015,2.36,2.5,2.33,2.45,2.45,13066300
12/11/2015,2.41,2.47,2.36,2.36,2.36,11890000
12/14/2015,2.36,2.39,2.3,2.34,2.34,7625700
12/15/2015,2.35,2.43,2.32,2.36,2.36,7423900
12/16/2015,2.39,2.55,2.37,2.54,2.54,19543600
12/17/2015,2.52,2.6,2.52,2.56,2.56,11374100
12/18/2015,2.51,2.55,2.42,2.45,2.45,17988100
12/21/2015,2.47,2.53,2.43,2.53,2.53,6876600
12/22/2015,2.55,2.78,2.54,2.77,2.77,24538700
12/23/2015,2.76,2.94,2.75,2.83,2.83,30365300
12/24/2015,2.88,3,2.86,2.92,2.92,11900900
12/28/2015,2.91,3.02,2.86,3,3,15926600
12/29/2015,3.04,3.06,2.97,3,3,15300900
12/30/2015,2.99,3.04,2.93,2.98,2.98,10046600
12/31/2015,2.97,3.01,2.87,2.87,2.87,11086100
1/4/2016,2.77,2.82,2.63,2.77,2.77,32516800
1/5/2016,2.77,2.8,2.64,2.75,2.75,12972300
1/6/2016,2.66,2.71,2.47,2.51,2.51,23759400
1/7/2016,2.43,2.48,2.26,2.28,2.28,22203500
1/8/2016,2.36,2.42,2.1,2.14,2.14,31822400
1/11/2016,2.16,2.36,2.12,2.34,2.34,19623600
1/12/2016,2.4,2.46,2.28,2.39,2.39,17986100
1/13/2016,2.4,2.45,2.21,2.25,2.25,12749700
1/14/2016,2.29,2.35,2.21,2.21,2.21,15666600
1/15/2016,2.1,2.13,1.99,2.03,2.03,21199300
1/19/2016,2.08,2.11,1.9,1.95,1.95,18978900
1/20/2016,1.81,1.95,1.75,1.8,1.8,29243600
1/21/2016,1.82,2.18,1.81,2.09,2.09,26387900
1/22/2016,2.11,2.17,1.98,2.02,2.02,16245500
1/25/2016,2.01,2.15,2.01,2.12,2.12,13080900
1/26/2016,2.14,2.15,2.03,2.07,2.07,11092900
1/27/2016,2.08,2.18,2.07,2.13,2.13,10833200
1/28/2016,2.16,2.17,2.07,2.08,2.08,7118400
1/29/2016,2.09,2.2,2.07,2.2,2.2,11998100
2/1/2016,2.17,2.19,2.11,2.14,2.14,8816100
2/2/2016,2.11,2.14,1.96,1.99,1.99,11224100
2/3/2016,2.04,2.08,1.95,2.07,2.07,9978600
2/4/2016,2.06,2.17,2.03,2.09,2.09,8278600
2/5/2016,2.06,2.08,1.98,1.98,1.98,7914400
2/8/2016,1.97,1.98,1.87,1.93,1.93,11589000
2/9/2016,1.89,2,1.85,1.9,1.9,14626600
2/10/2016,1.92,1.98,1.83,1.84,1.84,9466100
2/11/2016,1.82,1.94,1.81,1.86,1.86,7858300
2/12/2016,1.89,1.91,1.82,1.83,1.83,9957300
2/16/2016,1.86,1.9,1.82,1.83,1.83,11853400
2/17/2016,1.85,1.94,1.85,1.9,1.9,13770200
2/18/2016,1.93,1.98,1.9,1.91,1.91,10823400
2/19/2016,1.93,1.93,1.83,1.91,1.91,7784100
2/22/2016,1.94,2.04,1.93,2.01,2.01,9895500
2/23/2016,2.04,2.06,1.97,1.97,1.97,6710600
2/24/2016,1.98,2.04,1.93,2.02,2.02,6906200
2/25/2016,2.02,2.04,1.98,2.03,2.03,5579800
2/26/2016,2.04,2.1,2.03,2.07,2.07,7911500
2/29/2016,2.06,2.15,2.05,2.14,2.14,11400300
3/1/2016,2.16,2.2,2.12,2.18,2.18,9011200
3/2/2016,2.2,2.33,2.18,2.32,2.32,10845700
3/3/2016,2.32,2.55,2.3,2.46,2.46,22065300
3/4/2016,2.42,2.5,2.34,2.37,2.37,15449000
3/7/2016,2.36,2.47,2.36,2.47,2.47,8754300
3/8/2016,2.44,2.46,2.3,2.3,2.3,10026900
3/9/2016,2.32,2.35,2.2,2.26,2.26,13082400
3/10/2016,2.29,2.31,2.15,2.26,2.26,9603500
3/11/2016,2.29,2.54,2.29,2.52,2.52,21382400
3/14/2016,2.53,2.75,2.5,2.72,2.72,33848000
3/15/2016,2.67,2.69,2.45,2.49,2.49,21573600
3/16/2016,2.5,2.64,2.49,2.63,2.63,13015700
3/17/2016,2.77,2.81,2.7,2.8,2.8,29000800
3/18/2016,2.8,2.93,2.77,2.93,2.93,26330500
3/21/2016,2.9,2.9,2.75,2.8,2.8,13464900
3/22/2016,2.73,2.85,2.71,2.79,2.79,10315800
3/23/2016,2.8,2.83,2.68,2.68,2.68,10167100
3/24/2016,2.69,2.81,2.62,2.79,2.79,10040200
3/28/2016,2.81,2.84,2.73,2.78,2.78,7683700
3/29/2016,2.74,2.88,2.7,2.86,2.86,13566000
3/30/2016,2.88,2.98,2.85,2.86,2.86,14945900
3/31/2016,2.84,2.88,2.8,2.85,2.85,9071500
4/1/2016,2.79,2.88,2.76,2.83,2.83,8257700
4/4/2016,2.83,2.87,2.8,2.83,2.83,5591100
4/5/2016,2.76,2.84,2.72,2.76,2.76,9640200
4/6/2016,2.75,2.8,2.72,2.8,2.8,12473400
4/7/2016,2.76,2.83,2.61,2.64,2.64,13479200
4/8/2016,2.7,2.76,2.68,2.74,2.74,8489000
4/11/2016,2.76,2.82,2.74,2.76,2.76,9045100
4/12/2016,2.79,2.85,2.76,2.81,2.81,16110100
4/13/2016,2.78,2.82,2.73,2.8,2.8,8048000
4/14/2016,2.77,2.79,2.7,2.72,2.72,8935400
4/15/2016,2.72,2.75,2.68,2.7,2.7,7487500
4/18/2016,2.67,2.8,2.65,2.76,2.76,8923100
4/19/2016,2.78,2.78,2.61,2.62,2.62,11719900
4/20/2016,2.62,2.72,2.61,2.7,2.7,7926100
4/21/2016,2.65,2.7,2.6,2.62,2.62,13957200
4/22/2016,3.19,3.99,3.18,3.99,3.99,143265300
4/25/2016,3.81,3.82,3.31,3.45,3.45,80607900
4/26/2016,3.45,3.75,3.44,3.66,3.66,36336900
4/27/2016,3.55,3.75,3.53,3.73,3.73,24186800
4/28/2016,3.69,3.8,3.6,3.61,3.61,20230000
4/29/2016,3.69,3.69,3.45,3.55,3.55,17717800
5/2/2016,3.58,3.75,3.57,3.74,3.74,16972800
5/3/2016,3.7,3.71,3.58,3.6,3.6,13784800
5/4/2016,3.54,3.67,3.54,3.6,3.6,8688500
5/5/2016,3.64,3.8,3.61,3.66,3.66,21529600
5/6/2016,3.65,3.75,3.64,3.68,3.68,11839300
5/9/2016,3.66,3.68,3.45,3.65,3.65,16299400
5/10/2016,3.66,3.68,3.56,3.64,3.64,9411300
5/11/2016,3.61,3.68,3.6,3.65,3.65,7540300
5/12/2016,3.65,3.68,3.55,3.59,3.59,9255800
5/13/2016,3.56,3.73,3.55,3.67,3.67,16470100
5/16/2016,3.67,3.85,3.65,3.79,3.79,14703800
5/17/2016,3.8,3.98,3.69,3.79,3.79,20066100
5/18/2016,3.79,3.97,3.77,3.84,3.84,19506900
5/19/2016,3.83,3.85,3.69,3.77,3.77,17696900
5/20/2016,3.83,3.9,3.81,3.87,3.87,13799600
5/23/2016,3.9,4.2,3.88,4.04,4.04,35434300
5/24/2016,4.09,4.21,3.92,4.2,4.2,34283900
5/25/2016,4.24,4.35,4.15,4.18,4.18,24703600
5/26/2016,4.19,4.38,4.17,4.35,4.35,22611900
5/27/2016,4.39,4.63,4.37,4.6,4.6,34429600
5/31/2016,4.67,4.71,4.5,4.57,4.57,25379200
6/1/2016,4.6,4.64,4.38,4.43,4.43,29696400
6/2/2016,4.37,4.4,4.07,4.24,4.24,35304700
6/3/2016,4.16,4.2,4.08,4.16,4.16,17561800
6/6/2016,4.2,4.51,4.17,4.47,4.47,21329600
6/7/2016,4.56,4.67,4.47,4.51,4.51,20676200
6/8/2016,4.54,4.56,4.38,4.46,4.46,16074300
6/9/2016,4.41,4.54,4.32,4.52,4.52,16219100
6/10/2016,4.4,4.47,4.3,4.32,4.32,15106500
6/13/2016,4.32,4.48,4.32,4.4,4.4,13540900
6/14/2016,4.4,4.51,4.33,4.39,4.39,16757400
6/15/2016,4.44,4.48,4.3,4.42,4.42,11575300
6/16/2016,4.5,4.75,4.46,4.75,4.75,34182700
6/17/2016,4.75,5.27,4.68,5.26,5.26,64894100
6/20/2016,5.39,5.45,5.09,5.1,5.1,43541300
6/21/2016,5.1,5.5,5.09,5.45,5.45,35864600
6/22/2016,5.46,5.52,4.96,5.02,5.02,47943300
6/23/2016,5.17,5.26,5.05,5.21,5.21,29159200
6/24/2016,4.82,5.07,4.76,4.88,4.88,36735200
6/27/2016,4.88,5.05,4.65,4.72,4.72,31025300
6/28/2016,4.95,5.19,4.91,5.12,5.12,29221400
6/29/2016,5.31,5.4,5.1,5.13,5.13,33118300
6/30/2016,5.13,5.19,4.95,5.14,5.14,26124800
7/1/2016,5.09,5.14,5,5.07,5.07,18255900
7/5/2016,5.03,5.05,4.88,4.96,4.96,16332500
7/6/2016,4.91,5.11,4.9,5.04,5.04,19392900
7/7/2016,5.07,5.1,4.94,5.02,5.02,15756700
7/8/2016,4.84,5.15,4.82,5.1,5.1,28140700
7/11/2016,5.13,5.19,5,5.01,5.01,21027900
7/12/2016,5.01,5.17,5.01,5.14,5.14,20832500
7/13/2016,5.14,5.19,5.04,5.09,5.09,14032500
7/14/2016,5.15,5.24,5.06,5.17,5.17,20050100
7/15/2016,5.2,5.2,5.1,5.14,5.14,14219300
7/18/2016,5.19,5.57,5.13,5.51,5.51,38619400
7/19/2016,5.5,5.55,5.34,5.41,5.41,23439600
7/20/2016,5.48,5.5,5.4,5.41,5.41,20102400
7/21/2016,5.43,5.45,5.1,5.22,5.22,40242000
7/22/2016,5.73,5.97,5.45,5.84,5.84,101838300
7/25/2016,5.93,6.95,5.92,6.7,6.7,118328600
7/26/2016,6.76,7.16,6.71,6.98,6.98,81230600
7/27/2016,6.93,6.98,6.68,6.85,6.85,38514300
7/28/2016,6.79,6.98,6.74,6.82,6.82,27515600
7/29/2016,6.88,6.96,6.75,6.86,6.86,22580500
8/1/2016,6.89,6.92,6.57,6.64,6.64,26729000
8/2/2016,6.56,6.6,6.15,6.26,6.26,40816400
8/3/2016,6.18,6.45,6.15,6.3,6.3,23807800
8/4/2016,6.39,6.61,6.37,6.47,6.47,22393200
8/5/2016,6.56,6.76,6.47,6.61,6.61,20164000
8/8/2016,6.7,6.85,6.65,6.68,6.68,21462200
8/9/2016,6.75,6.78,6.54,6.6,6.6,16772400
8/10/2016,6.35,6.58,6.25,6.49,6.49,29070700
8/11/2016,6.5,6.59,6.46,6.58,6.58,13099000
8/12/2016,6.6,6.79,6.55,6.73,6.73,25466400
8/15/2016,6.79,6.97,6.78,6.95,6.95,28339400
8/16/2016,6.94,6.94,6.65,6.78,6.78,26768800
8/17/2016,6.7,6.75,6.61,6.68,6.68,13791300
8/18/2016,6.74,7.07,6.73,7.04,7.04,30783300
8/19/2016,7.24,8,7.22,7.62,7.62,75129300
8/22/2016,7.83,7.95,7.37,7.58,7.58,41519200
8/23/2016,7.66,7.74,7.53,7.67,7.67,27531100
8/24/2016,7.67,7.67,7.37,7.43,7.43,22943900
8/25/2016,7.49,7.49,7.2,7.47,7.47,16451300
8/26/2016,7.49,7.8,7.46,7.67,7.67,31387900
8/29/2016,7.72,7.79,7.57,7.59,7.59,16891800
8/30/2016,7.61,7.64,7.41,7.49,7.49,16088100
8/31/2016,7.52,7.52,7.28,7.4,7.4,18808800
9/1/2016,7.18,7.44,7.09,7.35,7.35,22284600
9/2/2016,7.49,7.64,7.38,7.51,7.51,18538400
9/6/2016,7.56,7.6,7.25,7.34,7.34,24994600
9/7/2016,7.05,7.07,6.78,6.84,6.84,57721900
9/8/2016,6.64,6.65,6.15,6.23,6.23,90693700
9/9/2016,6.23,6.24,5.85,5.9,5.9,170828000
9/12/2016,5.83,6.07,5.77,5.94,5.94,78014400
9/13/2016,5.92,5.95,5.66,5.74,5.74,50819500
9/14/2016,5.75,6.08,5.75,6.04,6.04,64251100
9/15/2016,6.09,6.2,5.95,6.02,6.02,52669500
9/16/2016,6.22,6.22,5.97,6.05,6.05,47829400
9/19/2016,6.12,6.28,6.08,6.16,6.16,37812400
9/20/2016,6.23,6.28,6.12,6.17,6.17,28990900
9/21/2016,6.2,6.32,6.14,6.29,6.29,33450000
9/22/2016,6.35,6.44,6.33,6.37,6.37,35848200
9/23/2016,6.31,6.65,6.31,6.55,6.55,61022400
9/26/2016,6.54,6.54,6.31,6.32,6.32,29875800
9/27/2016,6.45,6.58,6.29,6.54,6.54,30035900
9/28/2016,6.57,6.65,6.48,6.59,6.59,27878300
9/29/2016,6.57,6.73,6.54,6.67,6.67,30746100
9/30/2016,6.7,7.04,6.7,6.91,6.91,47453100
10/3/2016,6.95,7.15,6.87,6.95,6.95,30456700
10/4/2016,7,7.09,6.89,6.97,6.97,25770000
10/5/2016,6.97,7.01,6.7,6.78,6.78,31235600
10/6/2016,6.72,6.98,6.63,6.96,6.96,27059700
10/7/2016,6.92,6.96,6.62,6.75,6.75,33059000
10/10/2016,6.82,6.94,6.8,6.84,6.84,13764700
10/11/2016,6.8,6.84,6.38,6.5,6.5,32510800
10/12/2016,6.64,6.77,6.42,6.62,6.62,33592700
10/13/2016,6.5,6.54,6.24,6.49,6.49,30401700
10/14/2016,6.92,7.12,6.74,6.75,6.75,66934400
10/17/2016,6.92,6.97,6.64,6.67,6.67,24261500
10/18/2016,6.76,6.89,6.69,6.73,6.73,25094200
10/19/2016,6.7,6.8,6.57,6.77,6.77,29420200
10/20/2016,6.81,6.98,6.77,6.96,6.96,64607500
10/21/2016,6.5,6.65,6.37,6.52,6.52,64243500
10/24/2016,6.57,7.01,6.54,7.01,7.01,52998400
10/25/2016,6.9,7.5,6.87,7.5,7.5,78862000
10/26/2016,7.4,7.48,7.26,7.29,7.29,47619300
10/27/2016,7.44,7.46,7.1,7.11,7.11,37804200
10/28/2016,7.1,7.53,7.02,7.2,7.2,77261300
10/31/2016,7.24,7.46,7.2,7.23,7.23,42345900
11/1/2016,7.32,7.43,6.92,7.09,7.09,39906900
11/2/2016,7.03,7.06,6.67,6.76,6.76,33852200
11/3/2016,6.78,6.79,6.56,6.7,6.7,33673600
11/4/2016,6.69,6.72,6.46,6.56,6.56,32215700
11/7/2016,6.79,6.99,6.76,6.96,6.96,36999200
11/8/2016,6.85,7.18,6.75,7,7,37601100
11/9/2016,6.7,7.05,6.64,6.94,6.94,38479500
11/10/2016,6.82,6.91,6.22,6.3,6.3,71749500
11/11/2016,6.64,6.69,6.47,6.69,6.69,39492200
11/14/2016,6.83,6.84,6.61,6.79,6.79,29566600
11/15/2016,6.82,7.08,6.79,6.97,6.97,28909400
11/16/2016,7.09,7.75,7.07,7.67,7.67,77955700
11/17/2016,7.79,8.77,7.77,8.46,8.46,124235500
11/18/2016,8.68,8.83,8.4,8.71,8.71,62336200
11/21/2016,8.87,9.22,8.86,8.94,8.94,65595900
11/22/2016,9.05,9.06,8.54,8.69,8.69,71312800
11/23/2016,8.72,8.86,8.5,8.8,8.8,34583200
11/25/2016,8.8,8.91,8.69,8.77,8.77,14214100
11/28/2016,8.72,8.98,8.72,8.83,8.83,25907800
11/29/2016,9,9.23,8.85,8.93,8.93,54831400
11/30/2016,9.02,9.12,8.9,8.91,8.91,36511900
12/1/2016,8.92,9.03,8.26,8.39,8.39,56682400
12/2/2016,8.38,8.74,8.38,8.53,8.53,42398900
12/5/2016,8.69,8.71,8.45,8.68,8.68,31410100
12/6/2016,8.95,9.54,8.82,9.45,9.45,92242900
12/7/2016,9.65,9.79,9.24,9.56,9.56,54897300
12/8/2016,9.9,10.66,9.8,10.34,10.34,104613000
12/9/2016,10.38,10.54,9.87,10.34,10.34,60600800
12/12/2016,10.4,10.93,10.38,10.68,10.68,63342900
12/13/2016,10.75,10.8,10.4,10.54,10.54,46967800
12/14/2016,10.43,10.74,10.27,10.55,10.55,46968600
12/15/2016,10.68,10.93,10.64,10.86,10.86,48871300
12/16/2016,10.94,11.23,10.6,10.66,10.66,76990000
12/19/2016,10.81,11,10.52,10.95,10.95,46085800
12/20/2016,11.19,11.51,11.15,11.51,11.51,59314200
12/21/2016,11.61,11.72,11.31,11.47,11.47,44814100
12/22/2016,11.65,11.75,11.47,11.6,11.6,36450800
12/23/2016,11.3,11.6,11.26,11.58,11.58,32216900
12/27/2016,11.65,12.08,11.6,12.07,12.07,44336500
12/28/2016,12.28,12.42,11.46,11.55,11.55,71254500
12/29/2016,11.24,11.62,11.01,11.59,11.59,50147700
12/30/2016,11.7,11.78,11.25,11.34,11.34,44095400
1/3/2017,11.42,11.65,11.02,11.43,11.43,55182000
1/4/2017,11.45,11.52,11.24,11.43,11.43,40781200
1/5/2017,11.43,11.69,11.23,11.24,11.24,38855200
1/6/2017,11.29,11.49,11.11,11.32,11.32,34453500
1/9/2017,11.37,11.64,11.31,11.49,11.49,37128000
1/10/2017,11.55,11.63,11.33,11.44,11.44,29201600
1/11/2017,11.39,11.41,11.15,11.2,11.2,39377000
1/12/2017,10.98,11.04,10.33,10.76,10.76,75244100
1/13/2017,10.79,10.87,10.56,10.58,10.58,38377500
1/17/2017,10.17,10.23,9.78,9.82,9.82,70275900
1/18/2017,9.54,10.1,9.42,9.88,9.88,51797600
1/19/2017,9.92,10.25,9.75,9.77,9.77,46151300
1/20/2017,9.88,9.96,9.67,9.75,9.75,27982100
1/23/2017,9.68,10.06,9.68,9.91,9.91,27905700
1/24/2017,9.95,10.49,9.95,10.44,10.44,43991200
1/25/2017,10.74,10.98,10.15,10.35,10.35,61778100
1/26/2017,10.35,10.66,10.3,10.52,10.52,35866600
1/27/2017,10.6,10.73,10.52,10.67,10.67,32719200
1/30/2017,10.62,10.68,10.3,10.61,10.61,37725000
1/31/2017,10.6,10.67,10.22,10.37,10.37,53704900
2/1/2017,10.9,12.14,10.81,12.06,12.06,165939300
2/2/2017,11.98,12.66,11.95,12.28,12.28,116324500
2/3/2017,12.37,12.5,12.04,12.24,12.24,60036700
2/6/2017,12.46,13.7,12.38,13.63,13.63,140474100
2/7/2017,14.05,14.27,13.06,13.29,13.29,158683800
2/8/2017,13.21,13.75,13.08,13.56,13.56,75942900
2/9/2017,13.78,13.89,13.4,13.42,13.42,73339900
2/10/2017,13.86,13.86,13.25,13.58,13.58,54579300
2/13/2017,13.7,13.95,13.38,13.49,13.49,57413100
2/14/2017,13.43,13.49,13.19,13.26,13.26,40404300
2/15/2017,13.2,13.44,13.15,13.3,13.3,33722300
2/16/2017,13.25,13.35,12.84,12.97,12.97,52502500
2/17/2017,12.79,13.14,12.6,13.13,13.13,40888000
2/21/2017,13.41,14.1,13.4,14,14,66357100
2/22/2017,14.3,14.5,14.04,14.28,14.28,71505000
2/23/2017,14.2,14.45,13.82,14.32,14.32,80317600
2/24/2017,14,14.32,13.86,14.12,14.12,46288600
2/27/2017,14.27,15.35,14.27,15.2,15.2,95422900
2/28/2017,15.45,15.55,14.35,14.46,14.46,141783000
3/1/2017,15.08,15.09,14.52,14.96,14.96,73450400
3/2/2017,14.59,14.78,13.87,13.9,13.9,104330900
3/3/2017,13.55,13.58,12.79,13.03,13.03,163395900
3/6/2017,13,13.34,12.38,13.04,13.04,117192600
3/7/2017,13.07,13.37,12.79,13.05,13.05,76666300
3/8/2017,13.25,13.55,13.1,13.22,13.22,71294700
3/9/2017,13.45,13.45,13.11,13.33,13.33,45244200
3/10/2017,13.5,13.93,13.45,13.91,13.91,65142200
3/13/2017,14.48,14.68,14.18,14.28,14.28,73078100
3/14/2017,14,14.15,13.64,14.1,14.1,52554500
3/15/2017,14.03,14.06,13.62,13.98,13.98,55179600
3/16/2017,13.79,13.88,13.65,13.65,13.65,44494800
3/17/2017,13.62,13.74,13.36,13.49,13.49,224892300
3/20/2017,13.68,14.5,13.54,14.4,14.4,91565600
3/21/2017,14.4,14.49,13.78,13.82,13.82,72552700
3/22/2017,13.7,14.15,13.55,14.1,14.1,61239500
3/23/2017,13.96,14.12,13.77,13.79,13.79,44549900
3/24/2017,14.16,14.18,13.54,13.7,13.7,50099500
3/27/2017,13.35,13.78,13.21,13.7,13.7,42686800
3/28/2017,13.75,13.86,13.55,13.69,13.69,37420200
3/29/2017,13.74,13.87,13.63,13.71,13.71,37863500
3/30/2017,13.73,14.05,13.65,14.05,14.05,44132800
3/31/2017,14.1,14.75,14.01,14.55,14.55,84566200
4/3/2017,14.6,14.74,14.3,14.64,14.64,48423700
4/4/2017,14.31,14.67,14.03,14.16,14.16,58413000
4/5/2017,14.28,14.64,14.1,14.17,14.17,58816700
4/6/2017,13.42,13.46,12.83,13.27,13.27,139500100
4/7/2017,13.33,13.68,13.22,13.52,13.52,70441000
4/10/2017,13.52,13.59,13.04,13.1,13.1,47178000
4/11/2017,13.02,13.29,12.71,13.1,13.1,59916600
4/12/2017,12.94,13.1,12.74,12.76,12.76,37385400
4/13/2017,12.51,12.72,12.22,12.31,12.31,53442600
4/17/2017,12.53,12.8,12.37,12.79,12.79,38188200
4/18/2017,12.63,12.97,12.58,12.95,12.95,37172000
4/19/2017,13.09,13.21,12.8,12.84,12.84,36491100
4/20/2017,12.98,13.15,12.88,13.11,13.11,41976100
4/21/2017,13.08,13.12,12.9,13,13,25689600
4/24/2017,13.23,13.23,13.05,13.13,13.13,36120300
4/25/2017,13.24,13.53,13.16,13.49,13.49,35881000
4/26/2017,13.42,13.53,13.22,13.41,13.41,36644500
4/27/2017,13.43,13.7,13.37,13.62,13.62,31327600
4/28/2017,13.73,13.76,13.16,13.3,13.3,50144600
5/1/2017,13.43,13.63,13.25,13.62,13.62,68036300
5/2/2017,11.73,11.76,10.3,10.32,10.32,268336500
5/3/2017,10.29,10.68,9.85,10.39,10.39,140899400
5/4/2017,10.55,10.55,9.94,10.1,10.1,77031400
5/5/2017,10.13,10.26,9.94,10.19,10.19,51759000
5/8/2017,10.22,10.22,10,10.04,10.04,35101100
5/9/2017,10.04,10.4,10.04,10.18,10.18,51017300
5/10/2017,10.46,10.85,10.45,10.79,10.79,65995900
5/11/2017,10.74,11.26,10.51,11.07,11.07,72946500
5/12/2017,11.2,11.4,11.08,11.26,11.26,56072600
5/15/2017,11.41,11.6,11.3,11.42,11.42,52565000
5/16/2017,11.66,12.77,11.63,12.75,12.75,164186900
5/17/2017,11.81,12.29,11.16,11.2,11.2,160109500
5/18/2017,10.99,11.49,10.81,11.28,11.28,86900100
5/19/2017,11.47,11.62,11.35,11.41,11.41,50319700
5/22/2017,11.49,11.55,10.77,11.04,11.04,78696400
5/23/2017,10.97,11.06,10.62,10.89,10.89,49799600
5/24/2017,11.05,11.06,10.71,10.89,10.89,42903900
5/25/2017,11.01,11.01,10.8,10.98,10.98,33584300
5/26/2017,10.85,11.02,10.74,11,11,31907600
5/30/2017,10.95,11.27,10.9,11.12,11.12,35339000
5/31/2017,11.29,11.49,11.1,11.19,11.19,42929000
6/1/2017,11.25,11.29,10.81,10.93,10.93,48002000
6/2/2017,10.93,10.96,10.57,10.9,10.9,43056200
6/5/2017,10.84,11.34,10.8,11.24,11.24,66207300
6/6/2017,11.27,12.24,11.24,12.03,12.03,114998600
6/7/2017,12.42,12.96,12.23,12.38,12.38,151005900
6/8/2017,12.81,12.91,12.4,12.9,12.9,88827300
6/9/2017,13.1,13.4,11.63,12.28,12.28,167454400
6/12/2017,11.75,12.35,11.27,12.09,12.09,125781800
6/13/2017,12.33,12.48,11.67,11.96,11.96,87302300
6/14/2017,11.91,12.05,11.65,11.77,11.77,51909400
6/15/2017,11.34,11.58,11.21,11.5,11.5,61666000
6/16/2017,11.66,11.83,11.28,11.44,11.44,59779500
6/19/2017,11.63,12.12,11.62,11.93,11.93,61803600
6/20/2017,12.19,12.93,12.18,12.64,12.64,118001500
6/21/2017,13.36,14.01,13.13,13.98,13.98,188796100
6/22/2017,14.1,14.5,13.56,14.38,14.38,149594200
6/23/2017,14.15,14.67,13.9,14.17,14.17,200777300
6/26/2017,14.39,14.49,13.84,14.08,14.08,101012500
6/27/2017,13.76,14.04,13.37,13.4,13.4,89319700
6/28/2017,13.65,13.7,13.09,13.23,13.23,85266900
6/29/2017,13.06,13.15,12.45,12.6,12.6,87634400
6/30/2017,12.57,12.83,12.36,12.48,12.48,59267400
7/3/2017,12.57,12.73,12.13,12.15,12.15,39929100
7/5/2017,12.36,13.21,12.32,13.19,13.19,99450200
7/6/2017,12.94,13.32,12.67,13.02,13.02,88927800
7/7/2017,13.27,13.75,13.18,13.36,13.36,88392100
7/10/2017,13.61,13.88,13.27,13.81,13.81,78320200
7/11/2017,13.77,14.1,13.62,13.89,13.89,71102300
7/12/2017,14.17,14.39,13.96,14.29,14.29,78508400
7/13/2017,14.33,14.49,13.43,13.53,13.53,111656900
7/14/2017,13.46,13.93,13.32,13.92,13.92,82084600
7/17/2017,14.03,14.12,13.51,13.8,13.8,71690800
7/18/2017,13.29,13.53,13.15,13.48,13.48,78366500
7/19/2017,13.62,13.74,13.41,13.55,13.55,51957800
7/20/2017,13.61,13.89,13.45,13.8,13.8,47707500
7/21/2017,13.7,14.05,13.62,13.88,13.88,51045700
7/24/2017,14,14.44,13.97,14.16,14.16,71014900
7/25/2017,14.29,14.32,13.87,14.11,14.11,98047400
7/26/2017,15.13,15.65,14.4,14.76,14.76,236083000
7/27/2017,14.99,15.04,13.7,14.12,14.12,130303700
7/28/2017,13.85,14.1,13.68,13.95,13.95,66763800
7/31/2017,14.09,14.22,13.47,13.61,13.61,69108700
8/1/2017,13.72,13.86,13.45,13.71,13.71,49149900
8/2/2017,13.81,13.93,13.12,13.37,13.37,67502200
8/3/2017,13.42,13.52,13.08,13.24,13.24,52557400
8/4/2017,13.2,13.36,13.02,13.12,13.12,64254000
8/7/2017,13.33,13.57,13.27,13.43,13.43,57486800
8/8/2017,13.48,13.55,13.08,13.11,13.11,47338000
8/9/2017,12.76,12.89,12.54,12.83,12.83,58861500
8/10/2017,12.7,12.92,12.11,12.12,12.12,83113400
8/11/2017,12.04,12.39,11.88,12.23,12.23,63558800
8/14/2017,12.58,12.85,12.58,12.76,12.76,64236500
8/15/2017,13.01,13.14,12.75,13.02,13.02,57990300
8/16/2017,13.17,13.19,12.52,12.63,12.63,64639400
8/17/2017,12.46,12.65,12.32,12.34,12.34,47371000
8/18/2017,12.43,12.56,12.25,12.37,12.37,37521700
8/21/2017,12.42,12.42,11.86,12.05,12.05,58888500
8/22/2017,12.2,12.33,12.1,12.17,12.17,39033200
8/23/2017,12,12.54,11.95,12.48,12.48,44345400
8/24/2017,12.69,12.71,12.39,12.5,12.5,37269700
8/25/2017,12.51,12.57,12.25,12.43,12.43,29732000
8/28/2017,12.53,12.55,12.16,12.23,12.23,35969600
8/29/2017,12,12.18,11.93,12.15,12.15,33618100
8/30/2017,12.19,12.68,12.16,12.67,12.67,43933000
8/31/2017,12.82,13.16,12.79,13,13,51822100
9/1/2017,13.12,13.49,13.04,13.19,13.19,53158600
9/5/2017,12.88,13.18,12.65,12.92,12.92,51445500
9/6/2017,13.02,13.08,12.75,12.86,12.86,34182400
9/7/2017,12.84,12.94,12.6,12.63,12.63,35816900
9/8/2017,12.57,12.61,12.04,12.25,12.25,60886200
9/11/2017,12.46,12.74,12.4,12.55,12.55,43346100
9/12/2017,12.66,12.68,12.21,12.3,12.3,54413100
9/13/2017,12.22,12.36,12.12,12.22,12.22,37210700
9/14/2017,12.15,12.46,12.11,12.26,12.26,37220200
9/15/2017,12.33,12.66,12.31,12.52,12.52,50337400
9/18/2017,12.77,13.3,12.74,13.08,13.08,83517400
9/19/2017,13.25,13.29,12.88,13.12,13.12,65455200
9/20/2017,13.07,13.8,12.8,13.74,13.74,102682400
9/21/2017,14,14.24,13.32,13.41,13.41,166821900
9/22/2017,13.2,13.4,13.12,13.3,13.3,50547000
9/25/2017,13.25,13.28,12.49,12.61,12.61,84172200
9/26/2017,12.85,12.93,12.43,12.45,12.45,68302000
9/27/2017,12.65,12.87,12.5,12.74,12.74,59947200
9/28/2017,12.76,12.84,12.55,12.74,12.74,35812300
9/29/2017,12.77,12.82,12.6,12.75,12.75,33926900
10/2/2017,12.8,12.85,12.62,12.71,12.71,34461100
10/3/2017,12.73,13.48,12.7,13.42,13.42,85174000
10/4/2017,13.31,13.5,13.15,13.31,13.31,42303200
10/5/2017,13.38,13.46,13.21,13.34,13.34,34758600
10/6/2017,13.22,13.39,13.18,13.23,13.23,28258700
10/9/2017,13.26,13.83,13.26,13.47,13.47,54032500
10/10/2017,13.72,13.79,13.44,13.7,13.7,43304000
10/11/2017,13.62,13.96,13.61,13.88,13.88,38746600
10/12/2017,13.85,14.37,13.81,14.2,14.2,69874100
10/13/2017,14.32,14.41,14.12,14.22,14.22,37515800
10/16/2017,14.25,14.35,14.12,14.26,14.26,34136800
10/17/2017,14.24,14.35,14.14,14.16,14.16,28995600
10/18/2017,14.2,14.28,13.76,14.07,14.07,39020300
10/19/2017,13.85,14.04,13.69,13.95,13.95,33795700
10/20/2017,14.03,14.09,13.8,13.81,13.81,32538900
10/23/2017,13.94,14.19,13.9,14.1,14.1,49838000
10/24/2017,14.2,14.36,14.15,14.25,14.25,84891600
10/25/2017,12.95,13.13,12.29,12.33,12.33,166762100
10/26/2017,12.45,12.46,12,12.01,12.01,87625400
10/27/2017,12.17,12.19,11.35,11.84,11.84,115650400
10/30/2017,11.26,11.42,10.65,10.89,10.89,137785100
10/31/2017,10.76,11.31,10.69,10.99,10.99,78600000
11/1/2017,11.25,11.29,10.72,10.8,10.8,66875500
11/2/2017,10.87,10.99,10.66,10.85,10.85,47942500
11/3/2017,10.95,11.13,10.82,11.12,11.12,44264300
11/6/2017,12.04,12.09,11.64,11.93,11.93,96349800
11/7/2017,11.94,12.27,11.92,12.05,12.05,67900200
11/8/2017,11.94,11.95,11.51,11.71,11.71,59065000
11/9/2017,11.25,11.35,11.03,11.12,11.12,76821200
11/10/2017,11.22,11.43,11.12,11.26,11.26,50209900
11/13/2017,11.18,11.2,10.92,11.09,11.09,54068300
11/14/2017,11.03,11.26,11,11.12,11.12,37245000
11/15/2017,11.01,11.13,10.77,11.07,11.07,33524700
11/16/2017,11.13,11.32,11.13,11.25,11.25,31800400
11/17/2017,11.3,11.75,11.28,11.38,11.38,56775600
11/20/2017,11.47,11.51,11.19,11.34,11.34,35960200
11/21/2017,11.42,11.49,11.24,11.4,11.4,31881700
11/22/2017,11.41,11.49,11.3,11.37,11.37,23816500
11/24/2017,11.38,11.42,11.3,11.38,11.38,11035800
11/27/2017,11.34,11.74,11.34,11.55,11.55,41798300
11/28/2017,11.45,11.54,11,11.17,11.17,65325700
11/29/2017,11.08,11.17,10.73,10.83,10.83,63333800
11/30/2017,10.87,11.03,10.76,10.89,10.89,43205000
12/1/2017,10.81,10.97,10.53,10.73,10.73,42128800
12/4/2017,10.85,10.86,9.82,10.03,10.03,97328300
12/5/2017,9.89,10.34,9.7,9.91,9.91,67304100
12/6/2017,9.9,10.05,9.71,10,10,38952200
12/7/2017,10.07,10.19,9.95,10.04,10.04,32665600
12/8/2017,10.15,10.2,9.92,9.94,9.94,34897000
12/11/2017,9.97,10.16,9.96,10.16,10.16,29956400
12/12/2017,10.13,10.14,9.88,9.9,9.9,36211000
12/13/2017,9.97,10.21,9.95,10.11,10.11,41494800
12/14/2017,10.1,10.17,9.96,10.13,10.13,29006800
12/15/2017,10.13,10.32,10.02,10.29,10.29,45462300
12/18/2017,10.6,11,10.51,10.98,10.98,63797700
12/19/2017,11,11.19,10.87,10.95,10.95,43852900
12/20/2017,11.1,11.18,10.8,10.98,10.98,31420300
12/21/2017,10.98,11.08,10.87,10.89,10.89,21884300
12/22/2017,10.75,10.77,10.2,10.54,10.54,50744500
12/26/2017,10.38,10.58,10.34,10.46,10.46,20437900
12/27/2017,10.45,10.74,10.4,10.53,10.53,22921800
12/28/2017,10.57,10.64,10.43,10.55,10.55,18609400
12/29/2017,10.57,10.58,10.27,10.28,10.28,26678900
